pedido_id,codigo,descricao,quantidade,valor_unitario,total_item
25336667446,NB-TAT-50x50-20-BRN,Tatame 50x50cm 20mm - NB Cor:Branco,9,14,126
25315128420,MAX50X50X20-AZBB,Tatame 50x50cm 20mm - MX Cor:Azul BB,4,14,56
25315128420,MAX50X50X20-AM,Tatame 50x50cm 20mm - MX Cor:Amarelo,4,14,56
25315128420,MAX50X50X20-VDG,Tatame 50x50cm 20mm - MX Cor:Verde Grama,4,14,56
25314941858,NB-TAT-50x50-20-VML,Tatame 50x50cm 20mm - NB Cor:Verde Militar,5,14,70
25314941858,NB-TAT-50x50-20-SLM,Tatame 50x50cm 20mm - NB Cor:Salmon,4,14,56
25313691954,CAR-MES,Cartelas Educativas Modelo:Meses e Estações,1,5,5
25313691954,NB-TAT-50x50-20-RSP,Tatame 50x50cm 20mm - NB Cor:Rosa Pink,6,14,84
25313691954,NB-TAT-50x50-20-BRG,Tatame 50x50cm 20mm - NB Cor:Beringela,6,14,84
25309065777,TAT-100x100-20-PT,Tatame 100x100cm 20mm Cor:Preto,10,65,650
25308042235,MAX50X50X20-AZ,Tatame 50x50cm 20mm - MX Cor:Azul,1,22,22
25308042235,MAX50X50X20-VDG,Tatame 50x50cm 20mm - MX Cor:Verde Grama,1,22,22
25308042235,MAX50X50X20-AM,Tatame 50x50cm 20mm - MX Cor:Amarelo,1,22,22
25308042235,MAX50X50X20-LLBB,Tatame 50x50cm 20mm - MX Cor:Lilas BB,2,22,44
25308042235,MAX50X50X20-CZ,Tatame 50x50cm 20mm - MX Cor:Cinza,1,22,22
25308042235,MAX50X50X20-VB,Tatame 50x50cm 20mm - MX Cor:Verde Bandeira,1,22,22
25308042235,MAX50X50X20-LR,Tatame 50x50cm 20mm - MX Cor:Laranja,1,22,22
25308031547,TAT-50x50-15-PT,Tatame 50x50cm 15mm Cor:Preto,4,10,40
25308020439,NB-TAT-50x50-20-VML,Tatame 50x50cm 20mm - NB Cor:Verde Militar,20,14,280
25305831724,NB-TAT-100x100-10-VRG,Tatame 100x100cm 10mm - NB Cor:Verde Grama,1,25,25
25302671051,TAT-50x50-10-BRF,Tatame 50x50cm 10mm Cor:Rosa Flúor,1,12,12
25299334806,FLUT-200x100-30MM-VM,Tapete Flutuante EVA 200x100cm 30mm Cor:Vermelho,1,239.9,239.9
25299031232,FLUT-100x100-30MM-AM,Tapete Flutuante EVA 100x100cm 30mm Cor:Amarelo,2,139.9,279.8
25297354697,TAP-ALF-30X30-8MM-26P,Tapete EVA Alfabeto Infantil 30x30cm 8mm (26 Peças),1,139,139
25297354697,EVA-NUM-30X30X8-10P,Tapete EVA Numérico Infantil 30x30cm 8mm (10 Peças),1,55,55
25297353533,PRN-42x28-30MM-AZ,Prancha de Natação 42x28cm 30mm Cor:Azul,1,29.9,29.9
25288622791,NB-TAT-50x50-20-VRA,Tatame 50x50cm 20mm - NB Cor:Verde Água,12,22,264
25288622791,NB-TAT-50x50-20-VML,Tatame 50x50cm 20mm - NB Cor:Verde Militar,12,22,264
25287208113,TAT-100x100-10-VDCL,Tatame 100x100cm 10mm Cor:Verde Grama,1,35,35
25287208113,TAT-100x100-10-RS,Tatame 100x100cm 10mm Cor:Rosa,1,35,35
25287208113,TAT-100x100-10-LJ,Tatame 100x100cm 10mm Cor:Laranja,1,35,35
25287208113,TAT-100x100-10-AM,Tatame 100x100cm 10mm Cor:Amarelo,1,35,35
25287171212,TAT-100x100-10-VDCL,Tatame 100x100cm 10mm Cor:Verde Grama,1,39.9,39.9
25287171212,TAT-100x100-10-RS,Tatame 100x100cm 10mm Cor:Rosa,1,39.9,39.9
25287171212,TAT-100x100-10-LJ,Tatame 100x100cm 10mm Cor:Laranja,1,39.9,39.9
25287171212,TAT-100x100-10-AM,Tatame 100x100cm 10mm Cor:Amarelo,1,39.9,39.9
25281345673,EVA-PASSCID-200100-05,Esteira Passeio pela Cidade 200×100cm 5mm,1,99,99
25281345673,TAT-50x50-10-VGM,Tatame 50x50cm 10mm Cor:Verde Grama,2,12,24
25281345673,TAT-50x50-10-VM,Tatame 50x50cm 10mm Cor:Vermelho,2,12,24
25281345673,TAT-50x50-10-AM,Tatame 50x50cm 10mm Cor:Amarelo,2,12,24
25281345673,TAT-50x50-10-AZ,Tatame 50x50cm 10mm Cor:Azul,2,12,24
25280247256,TAT-50x50-10-RBB,Tatame 50x50cm 10mm Cor:Rosa BB,2,12,24
25277317048,TAT-50x50-10-RBB,Tatame 50x50cm 10mm Cor:Rosa BB,2,11,22
25267858396,FLUT-100x100-30MM-VM,Tapete Flutuante EVA 100x100cm 30mm Cor:Vermelho,1,139.9,139.9
25267858396,FLUT-100x100-30MM-AM,Tapete Flutuante EVA 100x100cm 30mm Cor:Amarelo,1,139.9,139.9
25254002704,TAT-50x50-10-LL,Monte seu Kit - Tatame EVA 50x50cm 10mm Cor:Lilás,6,12,72
25254002704,TAT-50x50-10-RBB,Monte seu Kit - Tatame EVA 50x50cm 10mm Cor:Rosa BB,6,12,72
25246555084,TAT-50x50-10-AZ,Monte seu Kit - Tatame EVA 50x50cm 10mm Cor:Azul,4,12,48
25246555084,TAT-50x50-10-AZBB,Monte seu Kit - Tatame EVA 50x50cm 10mm Cor:Azul BB,4,12,48
25246555084,TAT-50x50-10-AZC,Monte seu Kit - Tatame EVA 50x50cm 10mm Cor:Azul Ciano,4,12,48
25238014862,TAT-50x50-10-VGM,Monte seu Kit - Tatame EVA 50x50cm 10mm Cor:Verde Grama,4,12,48
25238014862,TAT-50x50-10-RBB,Monte seu Kit - Tatame EVA 50x50cm 10mm Cor:Rosa BB,4,12,48
25238014862,TAT-50x50-10-LR,Monte seu Kit - Tatame EVA 50x50cm 10mm Cor:Laranja,4,12,48
25237996730,TAT-50x50-10-PT,Monte seu Kit - Tatame EVA 50x50cm 10mm Cor:Preto,8,12,96
25237697462,FLUT-100x100-30MM-VM,"Tapete Flutuante EVA 100x100cm – 30mm | Piscina, Lazer e Atividades Aquáticas Cor:Vermelho",1,139.9,139.9
25237611448,TAT-100x100-40-PT,Monte seu Kit - Tatame EVA 100x100cm 40mm Cor:Preto,4,145,580
25236576602,NB-TAT-50x50-20-VRL,NB - Tatame 50x50x20mm Cor:Vermelho,30,12,360
25236376160,TAT-100x100-20-PT,Monte seu Kit - Tatame EVA 100x100cm 20mm Cor:Preto,2,70,140
25236370923,EVA-JDV,Cartela EVA  - Jogo da Velha,1,5,5
25236113931,EVA-TART,Cartela EVA  - Jogo da Tartaruga,1,5,5
25236113931,EVA-VOG,Cartela EVA  - Jogo das Vogais,1,5,5
25232919216,FLUT-100x100-30MM-AZ,"Tapete Flutuante EVA 100x100cm – 30mm | Piscina, Lazer e Atividades Aquáticas Cor:Azul",3,139.9,419.7
25227065766,TAT-50x50-10-RS,Monte seu Kit - Tatame EVA 50x50cm 10mm Cor:Rosa,3,12,36
25227065766,TAT-50x50-10-AZ,Monte seu Kit - Tatame EVA 50x50cm 10mm Cor:Azul,3,12,36
25225812516,FLUT-200x100-30MM-AM,"Tapete Flutuante EVA 200x100cm – 30mm | Piscina, Lazer e Atividades Aquáticas Cor:Amarelo",1,239.9,239.9
25222163117,TAT-50x50-10-PT,Monte seu Kit - Tatame EVA 50x50cm 10mm Cor:Preto,4,12,48
25216804972,MAX50X50X20-CZ,EVA MAX - Tatame EVA 50x50cm 20mm Cor:Cinza,9,22,198
25216204154,TAT-100x100-20-AZR,Monte seu Kit - Tatame EVA 100x100cm 20mm Cor:Azul,1,67.9,67.9
25207157964,TAT-50x50-10-AM,Monte seu Kit - Tatame EVA 50x50cm 10mm Cor:Amarelo,2,12,24
25207157964,TAT-50x50-10-VGM,Monte seu Kit - Tatame EVA 50x50cm 10mm Cor:Verde Grama,1,12,12
25207157964,TAT-50x50-10-VRB,Monte seu Kit - Tatame EVA 50x50cm 10mm Cor:Verde Bandeira,1,12,12
25207157964,TAT-50x50-10-AZ,Monte seu Kit - Tatame EVA 50x50cm 10mm Cor:Azul,3,12,36
25207157964,TAT-50x50-10-AZC,Monte seu Kit - Tatame EVA 50x50cm 10mm Cor:Azul Ciano,1,12,12
25207157964,TAT-50x50-10-VM,Monte seu Kit - Tatame EVA 50x50cm 10mm Cor:Vermelho,4,12,48
25207157964,TAT-50x50-10-CN,Monte seu Kit - Tatame EVA 50x50cm 10mm Cor:Cenoura,3,12,36
25207157964,TAT-50x50-10-LR,Monte seu Kit - Tatame EVA 50x50cm 10mm Cor:Laranja,1,12,12
25207157964,TAT-50x50-10-LBB,Monte seu Kit - Tatame EVA 50x50cm 10mm Cor:Lilás BB,2,12,24
25207157964,TAT-50x50-10-LL,Monte seu Kit - Tatame EVA 50x50cm 10mm Cor:Lilás,1,12,12
25207157964,TAT-50x50-10-BRF,Monte seu Kit - Tatame EVA 50x50cm 10mm Cor:Rosa Flúor,3,12,36
25207157964,TAT-50x50-10-RBB,Monte seu Kit - Tatame EVA 50x50cm 10mm Cor:Rosa BB,2,12,24
25205793175,NB-TAT-50x50-20-VRB,NB - Tatame 50x50x20mm Cor:Verde Bandeira,60,12,720
25193359334,TAT-50x50-10-AM,Monte seu Kit - Tatame EVA 50x50cm 10mm Cor:Amarelo,1,12,12
25193359334,TAT-50x50-10-CN,Monte seu Kit - Tatame EVA 50x50cm 10mm Cor:Cenoura,1,12,12
25191308668,GBA505010-K9-1-1,Kit de 4 a 20 Peças - Tatame EVA 50x50cm 20mm - 9 peças - Mais vendido,1,187.2,187.2
25190570655,TAT-100x100-20-RS,Monte seu Kit - Tatame EVA 100x100cm 20mm Cor:Rosa,1,70,70
25190570655,TAT-100x100-20-VDES,Monte seu Kit - Tatame EVA 100x100cm 20mm Cor:Verde Bandeira,1,70,70
25190570655,TAT-100x100-20-VR,Monte seu Kit - Tatame EVA 100x100cm 20mm Cor:Vermelho,1,70,70
25190570655,TAT-100x100-20-AZR,Monte seu Kit - Tatame EVA 100x100cm 20mm Cor:Azul,1,70,70
25185284706,TAT-50x50-10-AM,Monte seu Kit - Tatame EVA 50x50cm 10mm Cor:Amarelo,2,12,24
25185284706,TAT-50x50-10-AZBB,Monte seu Kit - Tatame EVA 50x50cm 10mm Cor:Azul BB,2,12,24
25185284706,TAT-50x50-10-VBB,Monte seu Kit - Tatame EVA 50x50cm 10mm Cor:Verde BB,4,12,48
25185284706,TAT-50x50-10-VM,Monte seu Kit - Tatame EVA 50x50cm 10mm Cor:Vermelho,2,12,24
25185284706,TAT-50x50-10-CN,Monte seu Kit - Tatame EVA 50x50cm 10mm Cor:Cenoura,2,12,24
25184612634,FLUT-100x100-30MM-AZ,"Tapete Flutuante EVA 100x100cm – 30mm | Piscina, Lazer e Atividades Aquáticas Cor:Azul",1,139.9,139.9
25183977129,TAT-50x50-10-RS,Monte seu Kit - Tatame EVA 50x50cm 10mm Cor:Rosa,4,12,48
25183977129,TAT-50x50-10-AM,Monte seu Kit - Tatame EVA 50x50cm 10mm Cor:Amarelo,3,12,36
25183977129,TAT-50x50-10-AZBB,Monte seu Kit - Tatame EVA 50x50cm 10mm Cor:Azul BB,3,12,36
25183977129,TAT-50x50-10-VRB,Monte seu Kit - Tatame EVA 50x50cm 10mm Cor:Verde Bandeira,3,12,36
25183977129,TAT-50x50-10-AZ,Monte seu Kit - Tatame EVA 50x50cm 10mm Cor:Azul,3,12,36
25183977129,TAT-50x50-10-LL,Monte seu Kit - Tatame EVA 50x50cm 10mm Cor:Lilás,3,12,36
25183977129,TAT-50x50-10-LR,Monte seu Kit - Tatame EVA 50x50cm 10mm Cor:Laranja,3,12,36
25183977129,TAT-50x50-10-VGM,Monte seu Kit - Tatame EVA 50x50cm 10mm Cor:Verde Grama,3,12,36
25183977129,TAT-50x50-10-VM,Monte seu Kit - Tatame EVA 50x50cm 10mm Cor:Vermelho,3,12,36
25183959794,TAT-50x50-20-AZBB,Monte seu Kit - Tatame EVA 50x50cm 20mm Cor:Azul BB,5,22,110
25183959794,TAT-50x50-20-AZM,Monte seu Kit - Tatame EVA 50x50cm 20mm Cor:Azul Marinho,4,22,88
25183959794,TAT-50x50-20-AZRY,Monte seu Kit - Tatame EVA 50x50cm 20mm Cor:Azul,4,22,88
25183954645,EVA-ANI-30X30-8MM-09P,Tapete EVA Animais Infantil 30x30cm – 8mm (9 Peças),1,49,49
25183954645,EVA-NUM-30X30X8-10P,Tapete EVA Numérico Infantil 30x30cm – 8mm (10 Peças),1,55,55
25183731555,TAT-50x50-10-LL,Monte seu Kit - Tatame EVA 50x50cm 10mm Cor:Lilás,1,12,12
25183731555,TAT-50x50-10-AMB,Monte seu Kit - Tatame EVA 50x50cm 10mm Cor:Amarelo BB,2,12,24
25183731555,TAT-50x50-10-RBB,Monte seu Kit - Tatame EVA 50x50cm 10mm Cor:Rosa BB,1,12,12
25169601968,EVA-DOM,Cartela EVA  - Jogo de Dominó,2,5,10
25169601968,TAT-100x100-20-RS,Monte seu Kit - Tatame EVA 100x100cm 20mm Cor:Rosa,3,70,210
25169601968,TAT-100x100-20-LJ,Monte seu Kit - Tatame EVA 100x100cm 20mm Cor:Laranja,2,70,140
25169601968,TAT-100x100-20-VDES,Monte seu Kit - Tatame EVA 100x100cm 20mm Cor:Verde Bandeira,2,70,140
25169601968,TAT-100x100-20-VR,Monte seu Kit - Tatame EVA 100x100cm 20mm Cor:Vermelho,2,70,140
25167395328,FLUT-100x100-30MM-LL,"Tapete Flutuante EVA 100x100cm – 30mm | Piscina, Lazer e Atividades Aquáticas Cor:Lilás",1,139.9,139.9
25158284900,CART-MAPA-BR-8MM,Cartela EVA - Mapa do Brasil,1,5,5
25158284900,TE-AMA-30X30-8MM-12P,Tapete EVA Amarelinha Infantil 30x30cm – 8mm (12 Peças),1,69,69
25158284900,EVA-TAB-SOM,Cartela EVA  - Tabuada de Somar,1,5,5
25158284900,EVA-ANI-30X30-8MM-09P,Tapete EVA Animais Infantil 30x30cm – 8mm (9 Peças),1,49,49
25158284900,TAT-50x50-20-AMBB,Monte seu Kit - Tatame EVA 50x50cm 20mm Cor:Amarelo BB,5,22,110
25158284900,TAT-50x50-20-RS,Monte seu Kit - Tatame EVA 50x50cm 20mm Cor:Rosa,5,22,110
25158284900,TAT-50x50-20-AZRY,Monte seu Kit - Tatame EVA 50x50cm 20mm Cor:Azul,5,22,110
25158284900,TAT-50x50-20-VRB,Monte seu Kit - Tatame EVA 50x50cm 20mm Cor:Verde Bandeira,5,22,110
25157510211,EVA-ANI-30X30-8MM-09P,Tapete EVA Animais Infantil 30x30cm – 8mm (9 Peças),1,49,49
25157499711,TAT-50x50-15-AZBB,Monte seu Kit - Tatame EVA 50x50cm 15mm Cor:Azul BB,3,17,51
25157499711,TAT-50x50-15-AZCI,Monte seu Kit - Tatame EVA 50x50cm 15mm Cor:Azul Ciano,3,17,51
25157499711,TAT-50x50-15-AZ,Monte seu Kit - Tatame EVA 50x50cm 15mm Cor:Azul,3,17,51
25157499711,ARCO-IRIS-30x30-10MM,Arco-Íris Divertido de EVA – Encaixe de Formas e Cores,1,38.9,38.9
25155825850,MAX50X50X20-MR,EVA MAX - Tatame EVA 50x50cm 20mm Cor:Marrom,5,22,110
25155825850,TAT-50x50-20-AZRY,Monte seu Kit - Tatame EVA 50x50cm 20mm Cor:Azul,5,22,110
25155825850,MAX50X50X20-LR,EVA MAX - Tatame EVA 50x50cm 20mm Cor:Laranja,5,22,110
25155825850,TAT-50x50-20-VRB,Monte seu Kit - Tatame EVA 50x50cm 20mm Cor:Verde Bandeira,5,22,110
25155444796,GBA505010-K9-1-1,Kit de 4 a 20 Peças - Tatame EVA 50x50cm 20mm - 9 peças - Mais vendido,1,187.2,187.2
25155444796,EVA-ALFA-POTE-138,Pote Didático Alfanumérico EVA – Letras e Números 138 peças,2,36.9,73.8
25149352315,FLUT-100x100-30MM-AM,"Tapete Flutuante EVA 100x100cm – 30mm | Piscina, Lazer e Atividades Aquáticas Cor:Amarelo",1,139.9,139.9
25149352315,FLUT-100x100-30MM-VM,"Tapete Flutuante EVA 100x100cm – 30mm | Piscina, Lazer e Atividades Aquáticas Cor:Vermelho",1,139.9,139.9
25149335547,EVA-NUM-30X30X8-10P,Tapete EVA Numérico Infantil 30x30cm – 8mm (10 Peças),1,55,55
25149335547,EVA-OBJ-30X30-8MM-9P,Tapete EVA Objeto Infantil 30x30cm – 8mm (9 Peças),1,49,49
25148873923,NB-TAT-50x50-20-BRG,NB - Tatame 50x50x20mm Cor:Beringela,4,21,84
25145770895,EVA-ANI-30X30-8MM-09P,Tapete EVA Animais Infantil 30x30cm – 8mm (9 Peças),1,49,49
25139037428,TAT-50x50-10-AZ,Monte seu Kit - Tatame EVA 50x50cm 10mm Cor:Azul,4,12,48
25139037428,TAT-50x50-10-AZBB,Monte seu Kit - Tatame EVA 50x50cm 10mm Cor:Azul BB,5,12,60
25139036696,CANT-100X4X4-10AD-AM,Cantoneira EVA Auto-Adesiva 100×4×4cm – Proteção de Quinas e Pilares (10mm) Cor:Amarelo,16,12,192
25139035183,CART-MAPA-SUL-8MM,Cartela EVA  - Mapa América do Sul,1,5,5
25139035183,CART-MAPA-BR-8MM,Cartela EVA - Mapa do Brasil,1,5,5
25139035183,EVA-VOG,Cartela EVA  - Jogo das Vogais,1,5,5
25139035183,CART-GEOM-5MM,Cartela EVA  - Formas Geométrica,1,5,5
25139035183,EVA-DDS,Cartela EVA  - Dias da Semana,1,5,5
25139035183,CART-CORPO-8MM,Cartela EVA  - Esqueleto,1,5,5
25139033372,FLUT-200x100-30MM-AZ,"Tapete Flutuante EVA 200x100cm – 30mm | Piscina, Lazer e Atividades Aquáticas Cor:Azul",1,239.9,239.9
25139030916,TAT-50x50-10-AZBB,Monte seu Kit - Tatame EVA 50x50cm 10mm Cor:Azul BB,5,12,60
25139030916,CART-MAPA-SUL-8MM,Cartela EVA  - Mapa América do Sul,1,5,5
25139030916,CART-MAPA-BR-8MM,Cartela EVA - Mapa do Brasil,1,5,5
25145653770,GBA505010-K12,Kit de 4 a 20 Peças - Tatame EVA 50x50cm 10mm - 12 peças - Mais vendido,1,126,126
25131791372,EVA-PASSCID-200100-05,Esteira Passeio pela Cidade em EVA 200×100cm – 5mm (com Alça para Transporte),1,99,99
25130238661,TAT-100x100-30-PT,Monte seu Kit - Tatame EVA 100x100cm 30mm Cor:Preto,2,109,218
25130226362,FLUT-100x100-30MM-LL,"Tapete Flutuante EVA 100x100cm – 30mm | Piscina, Lazer e Atividades Aquáticas Cor:Lilás",1,139.9,139.9
25129946599,TAT-50x50-10-VGM,Monte seu Kit - Tatame EVA 50x50cm 10mm Cor:Verde Grama,1,12,12
25129946599,TAT-50x50-10-VRB,Monte seu Kit - Tatame EVA 50x50cm 10mm Cor:Verde Bandeira,3,12,36
25129946599,TAT-50x50-10-AZ,Monte seu Kit - Tatame EVA 50x50cm 10mm Cor:Azul,2,12,24
25129946599,TAT-50x50-10-AZBB,Monte seu Kit - Tatame EVA 50x50cm 10mm Cor:Azul BB,2,12,24
25122806474,TAT-50x50-10-VRB,Monte seu Kit - Tatame EVA 50x50cm 10mm Cor:Verde Bandeira,2,12,24
25122806474,TAT-50x50-10-LR,Monte seu Kit - Tatame EVA 50x50cm 10mm Cor:Laranja,2,12,24
25122806474,TAT-50x50-10-VM,Monte seu Kit - Tatame EVA 50x50cm 10mm Cor:Vermelho,2,12,24
25122806474,TAT-50x50-10-PT,Monte seu Kit - Tatame EVA 50x50cm 10mm Cor:Preto,2,12,24
25122806474,TAT-50x50-10-AZ,Monte seu Kit - Tatame EVA 50x50cm 10mm Cor:Azul,2,12,24
25118485784,TAT-100x100-30-PT,Monte seu Kit - Tatame EVA 100x100cm 30mm Cor:Preto,6,109,654
25115722884,TAT-50x50-10-VRB,Monte seu Kit - Tatame EVA 50x50cm 10mm Cor:Verde Bandeira,12,10.5,126.0
25112670467,FLUT-100x100-30MM-LL,"Tapete Flutuante EVA 100x100cm – 30mm | Piscina, Lazer e Atividades Aquáticas Cor:Lilás",1,139.9,139.9
25111964032,EVA-AMAR-060170-05,Esteira Amarelinha em EVA 170x60cm – 5mm (com Alça para Transporte),1,59,59
25111938169,TAT-50x50-10-AZ,Monte seu Kit - Tatame EVA 50x50cm 10mm Cor:Azul,7,12,84
25111938169,EVA-ALFA-POTE-138,Pote Didático Alfanumérico EVA – Letras e Números 138 peças,1,36.9,36.9
25111938169,CART-MULTIPLI-5MM,Cartela EVA - Tabuada de Multiplicação,1,5,5
25111938169,CART-MAPA-BR-8MM,Cartela EVA - Mapa do Brasil,1,5,5
25111938169,CART-NUM-5MM,Cartela EVA  - Números,1,5,5
25111938169,EVA-VOG,Cartela EVA  - Jogo das Vogais,1,5,5
25111394641,GBA505010-K12-1,Kit de 4 a 20 Peças - Tatame EVA 50x50cm 15mm - 12 peças - Mais vendido,1,183.6,183.6
25110661984,MAX50X50X20-LLBB,EVA MAX - Tatame EVA 50x50cm 20mm Cor:Lilas BB,4,22,88
25110661984,TAT-50x50-20-RS,Monte seu Kit - Tatame EVA 50x50cm 20mm Cor:Rosa,4,22,88
25100774003,GBA505010-K4-1-1,Kit de 4 a 20 Peças - Tatame EVA 50x50cm 20mm - 4 peças,1,88,88
25099404746,TAT-50x50-10-AZC,Monte seu Kit - Tatame EVA 50x50cm 10mm Cor:Azul Ciano,1,12,12
25097981923,TAT-50x50-10-RS,Monte seu Kit - Tatame EVA 50x50cm 10mm Cor:Rosa,10,12,120
25097702713,TAT-50x50-10-LL,Monte seu Kit - Tatame EVA 50x50cm 10mm Cor:Lilás,4,12,48
25097702713,TAT-50x50-10-RS,Monte seu Kit - Tatame EVA 50x50cm 10mm Cor:Rosa,5,12,60
25092624211,TAT-50x50-10-AZC,Monte seu Kit - Tatame EVA 50x50cm 10mm Cor:Azul Ciano,1,12,12
25092624211,TAT-50x50-10-AZBB,Monte seu Kit - Tatame EVA 50x50cm 10mm Cor:Azul BB,1,12,12
25092624211,TAT-50x50-10-AZ,Monte seu Kit - Tatame EVA 50x50cm 10mm Cor:Azul,1,12,12
25092624211,TAT-50x50-10-VBB,Monte seu Kit - Tatame EVA 50x50cm 10mm Cor:Verde BB,1,12,12
25092624211,TAT-50x50-10-VGM,Monte seu Kit - Tatame EVA 50x50cm 10mm Cor:Verde Grama,1,12,12
25092624211,TAT-50x50-10-VRB,Monte seu Kit - Tatame EVA 50x50cm 10mm Cor:Verde Bandeira,1,12,12
25090429219,TAT-100x100-10-AZRY,Monte seu Kit - Tatame EVA 100x100cm 10mm Cor:Azul,4,35,140
25090413807,EVA-ALFA-107,EVA Didático Alfanumérico – Letras e Números 107 Peças,1,14.9,14.9
25089392719,TAT-50x50-10-CN,Monte seu Kit - Tatame EVA 50x50cm 10mm Cor:Cenoura,1,10.8,10.8
25089392719,TAT-50x50-10-VRB,Monte seu Kit - Tatame EVA 50x50cm 10mm Cor:Verde Bandeira,1,10.8,10.8
25089392719,TAT-50x50-10-AZ,Monte seu Kit - Tatame EVA 50x50cm 10mm Cor:Azul,1,10.8,10.8
25089392719,TAT-50x50-10-AZC,Monte seu Kit - Tatame EVA 50x50cm 10mm Cor:Azul Ciano,1,10.8,10.8
25089392719,TAT-50x50-10-VBB,Monte seu Kit - Tatame EVA 50x50cm 10mm Cor:Verde BB,1,10.8,10.8
25089392719,TAT-50x50-15-AZBB,Monte seu Kit - Tatame EVA 50x50cm 15mm Cor:Azul BB,1,10.8,10.8
25089392719,TAT-50x50-10-RS,Monte seu Kit - Tatame EVA 50x50cm 10mm Cor:Rosa,1,10.8,10.8
25089392719,TAT-50x50-10-LL,Monte seu Kit - Tatame EVA 50x50cm 10mm Cor:Lilás,1,10.8,10.8
25089392719,TAT-50x50-10-AM,Monte seu Kit - Tatame EVA 50x50cm 10mm Cor:Amarelo,1,10.8,10.8
25076427243,TAT-50x50-10-VRB,Monte seu Kit - Tatame EVA 50x50cm 10mm Cor:Verde Bandeira,8,12,96
25076416180,TAT-50x50-10-PT,Monte seu Kit - Tatame EVA 50x50cm 10mm Cor:Preto,14,10,140
25076416180,TAT-50x50-10-AZ,Monte seu Kit - Tatame EVA 50x50cm 10mm Cor:Azul,6,10,60
25076406574,TAT-50x50-10-MR,Monte seu Kit - Tatame EVA 50x50cm 10mm Cor:Marrom,2,12,24
25076406574,TAT-50x50-10-AZC,Monte seu Kit - Tatame EVA 50x50cm 10mm Cor:Azul Ciano,2,12,24
25075017084,TAT-50x50-10-AM,Monte seu Kit - Tatame EVA 50x50cm 10mm Cor:Amarelo,2,10.5,21.0
25075017084,TAT-50x50-10-AMB,Monte seu Kit - Tatame EVA 50x50cm 10mm Cor:Amarelo BB,2,10.5,21.0
25075017084,TAT-50x50-10-AZBB,Monte seu Kit - Tatame EVA 50x50cm 10mm Cor:Azul BB,2,10.5,21.0
25075017084,TAT-50x50-10-VM,Monte seu Kit - Tatame EVA 50x50cm 10mm Cor:Vermelho,2,10.5,21.0
25075017084,TAT-50x50-10-VRB,Monte seu Kit - Tatame EVA 50x50cm 10mm Cor:Verde Bandeira,2,10.5,21.0
25075017084,TAT-50x50-10-CN,Monte seu Kit - Tatame EVA 50x50cm 10mm Cor:Cenoura,2,10.5,21.0
25074328810,TAT-50x50-20-AM,Monte seu Kit - Tatame EVA 50x50cm 20mm Cor:Amarelo,1,20,20
25066796924,TAT-50x50-10-VM,Monte seu Kit - Tatame EVA 50x50cm 10mm Cor:Vermelho,1,12,12
25066796924,TAT-50x50-10-AM,Monte seu Kit - Tatame EVA 50x50cm 10mm Cor:Amarelo,1,12,12
25066796924,TAT-50x50-10-VRB,Monte seu Kit - Tatame EVA 50x50cm 10mm Cor:Verde Bandeira,1,12,12
25066796924,TAT-50x50-10-AZ,Monte seu Kit - Tatame EVA 50x50cm 10mm Cor:Azul,1,12,12
25057422152,EVA-AMAR-060170-05,Esteira Amarelinha em EVA 170x60cm – 5mm (com Alça para Transporte),1,59,59
25057422152,TAT-50x50-15-VR,Monte seu Kit - Tatame EVA 50x50cm 15mm Cor:Vermelho,2,17,34
25057422152,TAT-50x50-15-RSF,Monte seu Kit - Tatame EVA 50x50cm 15mm Cor:Rosa Fluor,2,17,34
25057422152,TAT-50x50-15-AZCI,Monte seu Kit - Tatame EVA 50x50cm 15mm Cor:Azul Ciano,1,17,17
25057422152,TAT-50x50-15-AZBB,Monte seu Kit - Tatame EVA 50x50cm 15mm Cor:Azul BB,1,17,17
25057422152,TAT-50x50-15-VRF,Monte seu Kit - Tatame EVA 50x50cm 15mm Cor:Verde Bandeira,1,17,17
25057422152,TAT-50x50-15-VRG,Monte seu Kit - Tatame EVA 50x50cm 15mm Cor:Verde Grama,1,17,17
25057422152,TAT-50x50-15-VDBB,Monte seu Kit - Tatame EVA 50x50cm 15mm Cor:Verde BB,1,17,17
25057422152,TAT-50x50-15-RS,Monte seu Kit - Tatame EVA 50x50cm 15mm Cor:Rosa,1,17,17
25057422152,TAT-50x50-15-LL,Monte seu Kit - Tatame EVA 50x50cm 15mm Cor:Lilás,1,17,17
25057422152,TAT-50x50-15-AZ,Monte seu Kit - Tatame EVA 50x50cm 15mm Cor:Azul,1,17,17
25050307308,TAT-50x50-10-LBB,Monte seu Kit - Tatame EVA 50x50cm 10mm Cor:Lilás BB,5,12,60
25050307308,TAT-50x50-10-LL,Monte seu Kit - Tatame EVA 50x50cm 10mm Cor:Lilás,5,12,60
25048226229,MAX50X50X20-VM,EVA MAX - Tatame EVA 50x50cm 20mm Cor:Vermelho,2,21,42
25048226229,MAX50X50X20-AZ,EVA MAX - Tatame EVA 50x50cm 20mm Cor:Azul,2,21,42
25048226229,TAT-50x50-20-VRB,Monte seu Kit - Tatame EVA 50x50cm 20mm Cor:Verde Bandeira,2,21,42
25048226229,MAX50X50X20-LR,EVA MAX - Tatame EVA 50x50cm 20mm Cor:Laranja,2,21,42
25047213547,TAT-100100-10-AZCL,Monte seu Kit - Tatame EVA 100x100cm 10mm Cor:Azul BB,4,35,140
25047198916,TAT-50x50-10-RS,Monte seu Kit - Tatame EVA 50x50cm 10mm Cor:Rosa,10,10.8,108.0
25047190753,YOGA-170x60-5MM-PT,Tapete de Yoga EVA 170x60cm – 5mm (com Alça para Transporte) Cor:Preto,2,49,98
25042744184,TAT-100100-10-AZCL,Monte seu Kit - Tatame EVA 100x100cm 10mm Cor:Azul BB,4,42.25,169.0
25032470504,EVA-NUM-30X30X8-10P,Tapete EVA Numérico Infantil 30x30cm – 8mm (10 Peças),2,55,110
25026629159,MAX50X50X15-AMBB,EVA MAX - Tatame EVA 50x50cm 15mm Cor:Amarelo BB,1,16.5,16.5
25026629159,MAX50X50X15-LL,EVA MAX - Tatame EVA 50x50cm 15mm Cor:Lilas,1,16.5,16.5
25026629159,MAX50X50X15-RS,EVA MAX - Tatame EVA 50x50cm 15mm Cor:Rosa,1,16.5,16.5
25026629159,MAX50X50X15-LR,EVA MAX - Tatame EVA 50x50cm 15mm Cor:Laranja,1,16.5,16.5
25026629159,MAX50X50X15-LLBB,EVA MAX - Tatame EVA 50x50cm 15mm Cor:Lilas BB,1,16.5,16.5
25026629159,MAX50X50X15-PL,EVA MAX - Tatame EVA 50x50cm 15mm Cor:Pele,1,16.5,16.5
25026585762,TAT-50x50-10-CN,Monte seu Kit - Tatame EVA 50x50cm 10mm Cor:Cenoura,1,10.5,10.5
25026585762,TAT-50x50-10-BR,Monte seu Kit - Tatame EVA 50x50cm 10mm Cor:Branco,1,10.5,10.5
25026585762,TAT-50x50-10-VRB,Monte seu Kit - Tatame EVA 50x50cm 10mm Cor:Verde Bandeira,1,10.5,10.5
25026585762,TAT-50x50-10-VGM,Monte seu Kit - Tatame EVA 50x50cm 10mm Cor:Verde Grama,1,10.5,10.5
25026585762,TAT-50x50-10-PT,Monte seu Kit - Tatame EVA 50x50cm 10mm Cor:Preto,1,10.5,10.5
25026585762,TAT-50x50-10-MR,Monte seu Kit - Tatame EVA 50x50cm 10mm Cor:Marrom,1,10.5,10.5
25026585762,TAT-50x50-10-AZC,Monte seu Kit - Tatame EVA 50x50cm 10mm Cor:Azul Ciano,1,10.5,10.5
25026585762,TAT-50x50-10-VM,Monte seu Kit - Tatame EVA 50x50cm 10mm Cor:Vermelho,1,10.5,10.5
25026585762,TAT-50x50-10-LL,Monte seu Kit - Tatame EVA 50x50cm 10mm Cor:Lilás,1,10.5,10.5
25026585762,TAT-50x50-10-AM,Monte seu Kit - Tatame EVA 50x50cm 10mm Cor:Amarelo,1,10.5,10.5
25026585762,TAT-50x50-10-AZ,Monte seu Kit - Tatame EVA 50x50cm 10mm Cor:Azul,2,10.5,21.0
25021399053,TAT-50x50-15-RSF,Monte seu Kit - Tatame EVA 50x50cm 15mm Cor:Rosa Fluor,9,15.8,142.2
25021390521,TAT-50x50-10-LBB,Monte seu Kit - Tatame EVA 50x50cm 10mm Cor:Lilás BB,2,12,24
25021390521,TAT-50x50-10-RBB,Monte seu Kit - Tatame EVA 50x50cm 10mm Cor:Rosa BB,2,12,24
25011867191,PROT-PORTA-15MM-LEA,Protetor de Porta Infantil EVA – Antiesmagamento de Dedos Modelo: Unicórnio,1,14.9,14.9
25011867191,PROT-PORTA-15MM-JOA,Protetor de Porta Infantil EVA – Antiesmagamento de Dedos Modelo:Joaninha,1,14.9,14.9
25002463228,TAT-50x50-10-LBB,Monte seu Kit - Tatame EVA 50x50cm 10mm Cor:Lilás BB,6,10.5,63.0
25002463228,TAT-50x50-10-RBB,Monte seu Kit - Tatame EVA 50x50cm 10mm Cor:Rosa BB,6,10.5,63.0
25002463228,EVA-REL-PROF,Cartela EVA  - Relógio do Professor,1,5,5
25002463228,CART-GEOM-5MM,Cartela EVA  - Formas Geométrica,1,5,5
24995569671,TAT-100x100-20-RS,Monte seu Kit - Tatame EVA 100x100cm 20mm Cor:Rosa,1,89.9,89.9
24995522837,TAT-50x50-10-AZ,Monte seu Kit - Tatame EVA 50x50cm 10mm Cor:Azul,4,11,44
24995522837,TAT-50x50-10-AZBB,Monte seu Kit - Tatame EVA 50x50cm 10mm Cor:Azul BB,2,11,22
24995522837,TAT-50x50-10-AZC,Monte seu Kit - Tatame EVA 50x50cm 10mm Cor:Azul Ciano,2,11,22
24995438540,EVA-NUM-30X30X8-10P,Tapete EVA Numérico Infantil 30x30cm – 8mm (10 Peças),1,55,55
24995325603,TAP-ALF-30X30-8MM-26P,Tapete EVA Alfabeto Infantil 30x30cm – 8mm (26 Peças),1,139,139
24994639381,TAT-50x50-15-RSF,Monte seu Kit - Tatame EVA 50x50cm 15mm Cor:Rosa Fluor,2,14,28
24994639381,TAT-50x50-15-RSBB,Monte seu Kit - Tatame EVA 50x50cm 15mm Cor:Rosa BB,1,14,14
24994639381,TAT-50x50-15-RS,Monte seu Kit - Tatame EVA 50x50cm 15mm Cor:Rosa,1,14,14
24994639381,TAT-50x50-15-VRF,Monte seu Kit - Tatame EVA 50x50cm 15mm Cor:Verde Bandeira,2,14,28
24994639381,TAT-50x50-15-VRG,Monte seu Kit - Tatame EVA 50x50cm 15mm Cor:Verde Grama,2,14,28
24994639381,TAT-50x50-15-CN,Monte seu Kit - Tatame EVA 50x50cm 15mm Cor:Cenoura,2,14,28
24994639381,TAT-50x50-15-LL,Monte seu Kit - Tatame EVA 50x50cm 15mm Cor:Lilás,2,14,28
24994639381,TAT-50x50-15-VR,Monte seu Kit - Tatame EVA 50x50cm 15mm Cor:Vermelho,2,14,28
24994639381,TAT-50x50-15-AZ,Monte seu Kit - Tatame EVA 50x50cm 15mm Cor:Azul,3,14,42
24994639381,TAT-50x50-15-AZBB,Monte seu Kit - Tatame EVA 50x50cm 15mm Cor:Azul BB,1,14,14
24994639381,TAT-50x50-15-AZCI,Monte seu Kit - Tatame EVA 50x50cm 15mm Cor:Azul Ciano,2,14,28
24983930356,TAT-50x50-10-AM,Monte seu Kit - Tatame EVA 50x50cm 10mm Cor:Amarelo,2,11,22
24983930356,TAT-50x50-10-AZ,Monte seu Kit - Tatame EVA 50x50cm 10mm Cor:Azul,2,11,22
24983930356,TAT-50x50-10-CN,Monte seu Kit - Tatame EVA 50x50cm 10mm Cor:Cenoura,2,11,22
24983930356,TAT-50x50-10-VRB,Monte seu Kit - Tatame EVA 50x50cm 10mm Cor:Verde Bandeira,2,11,22
24983888896,NB-TAT-50x50-20-VRG,NB - Tatame 50x50x20mm Cor:Verde Grama,1,22,22
24983888896,NB-TAT-50x50-20-VML,NB - Tatame 50x50x20mm Cor:Verde Militar,1,22,22
24983888896,NB-TAT-50x50-20-VRL,NB - Tatame 50x50x20mm Cor:Vermelho,1,22,22
24983888896,NB-TAT-50x50-20-BRG,NB - Tatame 50x50x20mm Cor:Beringela,1,22,22
24983816979,TAT-50x50-10-AZBB,Monte seu Kit - Tatame EVA 50x50cm 10mm Cor:Azul BB,3,10.5,31.5
24983816979,TAT-50x50-10-AM,Monte seu Kit - Tatame EVA 50x50cm 10mm Cor:Amarelo,3,10.5,31.5
24983816979,TAT-50x50-10-CN,Monte seu Kit - Tatame EVA 50x50cm 10mm Cor:Cenoura,3,10.5,31.5
24983816979,TAT-50x50-10-VGM,Monte seu Kit - Tatame EVA 50x50cm 10mm Cor:Verde Grama,3,10.5,31.5
24983809068,PRN-42x28-30MM-AZ,Prancha de Natação EVA 42x28cm – 30mm Cor:Azul,1,29.9,29.9
24979116881,EVA-ALFA-107,EVA Didático Alfanumérico – Letras e Números 107 Peças,1,14.9,14.9
24979116881,CART-MAPA-BR-8MM,Cartela EVA - Mapa do Brasil,1,5,5
24979116881,EVA-VOG,Cartela EVA  - Jogo das Vogais,1,5,5
24979116881,CART-NUM-5MM,Cartela EVA  - Números,1,5,5
24971612047,TAT-50x50-20-AZCI,Monte seu Kit - Tatame EVA 50x50cm 20mm Cor:Azul Ciano,1,22,22
24969242445,TAT-50x50-10-LL,Monte seu Kit - Tatame EVA 50x50cm 10mm Cor:Lilás,6,10.5,63.0
24969242445,TAT-50x50-10-RS,Monte seu Kit - Tatame EVA 50x50cm 10mm Cor:Rosa,6,10.5,63.0
24969211391,TAT-50x50-10-LBB,Monte seu Kit - Tatame EVA 50x50cm 10mm Cor:Lilás BB,1,11,11
24969211391,TAT-50x50-10-VGM,Monte seu Kit - Tatame EVA 50x50cm 10mm Cor:Verde Grama,1,11,11
24969211391,TAT-50x50-10-AM,Monte seu Kit - Tatame EVA 50x50cm 10mm Cor:Amarelo,1,11,11
24969211391,TAT-50x50-10-CN,Monte seu Kit - Tatame EVA 50x50cm 10mm Cor:Cenoura,1,11,11
24969211391,TAT-50x50-10-RBB,Monte seu Kit - Tatame EVA 50x50cm 10mm Cor:Rosa BB,1,11,11
24969211391,TAT-50x50-10-AZC,Monte seu Kit - Tatame EVA 50x50cm 10mm Cor:Azul Ciano,1,11,11
24969211391,TAT-50x50-10-AZBB,Monte seu Kit - Tatame EVA 50x50cm 10mm Cor:Azul BB,1,11,11
24969211391,TAT-50x50-10-VRB,Monte seu Kit - Tatame EVA 50x50cm 10mm Cor:Verde Bandeira,1,11,11
24968687921,TAT-50x50-10-AM,Monte seu Kit - Tatame EVA 50x50cm 10mm Cor:Amarelo,2,10.3,20.6
24968687921,TAT-50x50-10-AMB,Monte seu Kit - Tatame EVA 50x50cm 10mm Cor:Amarelo BB,2,10.3,20.6
24968687921,TAT-50x50-10-AZC,Monte seu Kit - Tatame EVA 50x50cm 10mm Cor:Azul Ciano,2,10.3,20.6
24968687921,TAT-50x50-10-AZBB,Monte seu Kit - Tatame EVA 50x50cm 10mm Cor:Azul BB,2,10.3,20.6
24968687921,TAT-50x50-10-AZ,Monte seu Kit - Tatame EVA 50x50cm 10mm Cor:Azul,4,10.3,41.2
24968687921,TAT-50x50-10-LR,Monte seu Kit - Tatame EVA 50x50cm 10mm Cor:Laranja,2,10.3,20.6
24968687921,TAT-50x50-10-CN,Monte seu Kit - Tatame EVA 50x50cm 10mm Cor:Cenoura,2,10.3,20.6
24968687921,TAT-50x50-10-RBB,Monte seu Kit - Tatame EVA 50x50cm 10mm Cor:Rosa BB,2,10.3,20.6
24968687921,TAT-50x50-10-BRF,Monte seu Kit - Tatame EVA 50x50cm 10mm Cor:Rosa Flúor,2,10.3,20.6
24968687921,TAT-50x50-10-LL,Monte seu Kit - Tatame EVA 50x50cm 10mm Cor:Lilás,2,10.3,20.6
24968687921,TAT-50x50-10-LBB,Monte seu Kit - Tatame EVA 50x50cm 10mm Cor:Lilás BB,2,10.3,20.6
24968687921,TAT-50x50-10-VGM,Monte seu Kit - Tatame EVA 50x50cm 10mm Cor:Verde Grama,2,10.3,20.6
24968687921,TAT-50x50-10-VRB,Monte seu Kit - Tatame EVA 50x50cm 10mm Cor:Verde Bandeira,2,10.3,20.6
24968687921,TAT-50x50-10-VBB,Monte seu Kit - Tatame EVA 50x50cm 10mm Cor:Verde BB,2,10.3,20.6
24968687921,TAT-50x50-10-VM,Monte seu Kit - Tatame EVA 50x50cm 10mm Cor:Vermelho,2,10.3,20.6
24968597782,TAT-50x50-10-PT,Monte seu Kit - Tatame EVA 50x50cm 10mm Cor:Preto,2,12,24
24968365011,TAT-100100-10-AZCL,Monte seu Kit - Tatame EVA 100x100cm 10mm Cor:Azul BB,1,42.25,42.25
24968365011,TAT-100x100-10-VDCL,Monte seu Kit - Tatame EVA 100x100cm 10mm Cor:Verde Grama,1,42.25,42.25
24968365011,TAT-100x100-10-PT,Monte seu Kit - Tatame EVA 100x100cm 10mm Cor:Preto,1,42.25,42.25
24968365011,TAT-100x100-10-RS,Monte seu Kit - Tatame EVA 100x100cm 10mm Cor:Rosa,1,41.29,41.29
24967816649,TAT-100x100-10-VDCL,Monte seu Kit - Tatame EVA 100x100cm 10mm Cor:Verde Grama,1,41.17,41.17
24967816649,TAT-100x100-10-PT,Monte seu Kit - Tatame EVA 100x100cm 10mm Cor:Preto,1,41.17,41.17
24967816649,TAT-100x100-10-AM,Monte seu Kit - Tatame EVA 100x100cm 10mm Cor:Amarelo,2,41.17,82.34
24967816649,TAT-100x100-10-RS,Monte seu Kit - Tatame EVA 100x100cm 10mm Cor:Rosa,1,41.17,41.17
24967816649,TAT-100x100-10-LJ,Monte seu Kit - Tatame EVA 100x100cm 10mm Cor:Laranja,1,41.17,41.17
24967816649,TAT-100100-10-AZCL,Monte seu Kit - Tatame EVA 100x100cm 10mm Cor:Azul BB,1,41.17,41.17
24967816649,TAT-100x100-10-AZRY,Monte seu Kit - Tatame EVA 100x100cm 10mm Cor:Azul,1,41.17,41.17
24962639951,TAT-50x50-15-AZCI,Monte seu Kit - Tatame EVA 50x50cm 15mm Cor:Azul Ciano,2,17,34
24962639951,TAT-50x50-15-RSBB,Monte seu Kit - Tatame EVA 50x50cm 15mm Cor:Rosa BB,1,17,17
24962639951,TAT-50x50-15-LL,Monte seu Kit - Tatame EVA 50x50cm 15mm Cor:Lilás,1,17,17
24962639951,TAT-50x50-15-CN,Monte seu Kit - Tatame EVA 50x50cm 15mm Cor:Cenoura,1,17,17
24962639951,TAT-50x50-15-VR,Monte seu Kit - Tatame EVA 50x50cm 15mm Cor:Vermelho,1,17,17
24962639951,TAT-50x50-15-AZ,Monte seu Kit - Tatame EVA 50x50cm 15mm Cor:Azul,2,17,34
24962639951,TAT-50x50-15-RSF,Monte seu Kit - Tatame EVA 50x50cm 15mm Cor:Rosa Fluor,1,17,17
24962639951,TAT-50x50-15-VRG,Monte seu Kit - Tatame EVA 50x50cm 15mm Cor:Verde Grama,1,17,17
24962639951,TAT-50x50-15-VRF,Monte seu Kit - Tatame EVA 50x50cm 15mm Cor:Verde Bandeira,1,17,17
24962639951,TAT-50x50-15-AZBB,Monte seu Kit - Tatame EVA 50x50cm 15mm Cor:Azul BB,1,17,17
24954693271,TAT5050-10MM-K9,Kit 9 peças - Tatame EVA 50x50cm 10mm,1,97.2,97.2
24954678554,TAT-100100-10-AZCL,Monte seu Kit - Tatame EVA 100x100cm 10mm Cor:Azul BB,4,42.25,169.0
24954644970,TAT-50x50-10-RS,Monte seu Kit - Tatame EVA 50x50cm 10mm Cor:Rosa,4,11,44
24954644970,TAT-50x50-10-LL,Monte seu Kit - Tatame EVA 50x50cm 10mm Cor:Lilás,4,11,44
24953791882,MAX50X50X20-LR,EVA MAX - Tatame EVA 50x50cm 20mm Cor:Laranja,4,22,88
24952652373,TAT-50x50-15-LL,Monte seu Kit - Tatame EVA 50x50cm 15mm Cor:Lilás,6,15.3,91.8
24952652373,TAT-50x50-15-RSF,Monte seu Kit - Tatame EVA 50x50cm 15mm Cor:Rosa Fluor,6,15.3,91.8
24951451586,EVA-JDV,Cartela EVA  - Jogo da Velha,1,5,5
24946566654,MAX50X50X20-VDBB,EVA MAX - Tatame EVA 50x50cm 20mm Cor:Verde BB,2,22,44
24946566654,MAX50X50X20-AZBB,EVA MAX - Tatame EVA 50x50cm 20mm Cor:Azul BB,2,22,44
24946566654,YOGA-170x60-5MM-PT,Tapete de Yoga EVA 170x60cm – 5mm (com Alça para Transporte) Cor:Preto,1,49,49
24945025863,TAT-100100-10-AZCL,Monte seu Kit - Tatame EVA 100x100cm 10mm Cor:Azul BB,2,37.33,74.66
24945025863,TAT-100x100-10-VDCL,Monte seu Kit - Tatame EVA 100x100cm 10mm Cor:Verde Grama,2,37.33,74.66
24945025863,TAT-100x100-10-VDES,Monte seu Kit - Tatame EVA 100x100cm 10mm Cor:Verde Bandeira,1,37.33,37.33
24945025863,TAT-100x100-10-RS,Monte seu Kit - Tatame EVA 100x100cm 10mm Cor:Rosa,1,37.33,37.33
24945025863,TAT-100x100-10-LJ,Monte seu Kit - Tatame EVA 100x100cm 10mm Cor:Laranja,2,37.33,74.66
24945025863,TAT-100x100-10-AZRY,Monte seu Kit - Tatame EVA 100x100cm 10mm Cor:Azul,2,37.33,74.66
24945025863,TAT-100x100-10-AM,Monte seu Kit - Tatame EVA 100x100cm 10mm Cor:Amarelo,2,37.35,74.7
24945009910,TAT-100100-10-AZCL,Monte seu Kit - Tatame EVA 100x100cm 10mm Cor:Azul BB,2,44,88
24943782293,TAT-100x100-10-AM,Monte seu Kit - Tatame EVA 100x100cm 10mm Cor:Amarelo,4,36,144
24943782293,TAT-100x100-10-PT,Monte seu Kit - Tatame EVA 100x100cm 10mm Cor:Preto,2,36,72
24943782293,TAT-100x100-10-VDCL,Monte seu Kit - Tatame EVA 100x100cm 10mm Cor:Verde Grama,3,36,108
24943782293,TAT-100x100-10-VR,Monte seu Kit - Tatame EVA 100x100cm 10mm Cor:Vermelho,1,36,36
24943782293,TAT-100x100-10-LJ,Monte seu Kit - Tatame EVA 100x100cm 10mm Cor:Laranja,4,36,144
24943782293,TAT-100x100-10-RS,Monte seu Kit - Tatame EVA 100x100cm 10mm Cor:Rosa,3,36,108
24943782293,TAT-100x100-10-VDES,Monte seu Kit - Tatame EVA 100x100cm 10mm Cor:Verde Bandeira,4,36,144
24943782293,TAT-100x100-10-AZRY,Monte seu Kit - Tatame EVA 100x100cm 10mm Cor:Azul,3,36,108
24943782293,TAT-100100-10-AZCL,Monte seu Kit - Tatame EVA 100x100cm 10mm Cor:Azul BB,1,36,36
24938010355,NB-TAT-50x50-20-BRN,NB - Tatame 50x50x20mm Cor:Branco,12,20.3,243.6
24938004035,TAT5050-10MM-K12,Kit 12 peças - Tatame EVA 50x50cm 10mm,1,126,126
24937962602,MAX50X50X20-AMBB,EVA MAX - Tatame EVA 50x50cm 20mm Cor:Amarelo BB,1,21,21
24937962602,MAX50X50X20-VDBB,EVA MAX - Tatame EVA 50x50cm 20mm Cor:Verde BB,1,21,21
24937962602,MAX50X50X20-LR,EVA MAX - Tatame EVA 50x50cm 20mm Cor:Laranja,1,21,21
24937962602,MAX50X50X20-RS,EVA MAX - Tatame EVA 50x50cm 20mm Cor:Rosa,1,21,21
24937962602,MAX50X50X20-AZBB,EVA MAX - Tatame EVA 50x50cm 20mm Cor:Azul BB,1,21,21
24937962602,MAX50X50X20-LL,EVA MAX - Tatame EVA 50x50cm 20mm Cor:Lilas,1,21,21
24927332554,NB-TAT-100x100-10-RBB,NB - Tatame 100x100x10mm Cor:Rosa BB,2,30,60
24926845066,TAT-50x50-10-LBB,Monte seu Kit - Tatame EVA 50x50cm 10mm Cor:Lilás BB,1,12,12
24926845066,TAT-50x50-10-AMB,Monte seu Kit - Tatame EVA 50x50cm 10mm Cor:Amarelo BB,1,12,12
24926845066,TAT-50x50-10-AZBB,Monte seu Kit - Tatame EVA 50x50cm 10mm Cor:Azul BB,1,12,12
24926845066,TAT-50x50-10-RBB,Monte seu Kit - Tatame EVA 50x50cm 10mm Cor:Rosa BB,1,12,12
24925319595,TAT-50x50-20-VDBB,Monte seu Kit - Tatame EVA 50x50cm 20mm Cor:Verde BB,1,22,22
24922074694,PRN-42x28-30MM-AZ,Prancha de Natação EVA 42x28cm – 30mm Cor:Azul,1,29.9,29.9
24922074694,CART-ABCBAST-5MM,Cartela EVA - Alfabeto,1,5,5
24922074694,CART-NUM-5MM,Cartela EVA  - Números,1,5,5
24922074694,NB-TAT-50x50-20-MRN,NB - Tatame 50x50x20mm Cor:Marron,1,21,21
24922074694,NB-TAT-50x50-20-BRG,NB - Tatame 50x50x20mm Cor:Beringela,1,21,21
24913072606,TAT-50x50-20-VDBB,Monte seu Kit - Tatame EVA 50x50cm 20mm Cor:Verde BB,4,22,88
24913072606,TAT-50x50-20-CN,Monte seu Kit - Tatame EVA 50x50cm 20mm Cor:Cenoura,4,22,88
24912709877,TAT-100x100-10-AZRY,Monte seu Kit - Tatame EVA 100x100cm 10mm Cor:Azul,1,44,44
24912709877,TAT-100x100-10-RS,Monte seu Kit - Tatame EVA 100x100cm 10mm Cor:Rosa,1,44,44
24909901059,TAT-50x50-15-AZ,Monte seu Kit - Tatame EVA 50x50cm 15mm Cor:Azul,2,14.5,29.0
24909901059,TAT-50x50-15-LJ,Monte seu Kit - Tatame EVA 50x50cm 15mm Cor:Laranja,2,14.5,29.0
24909901059,TAT-50x50-15-VDBB,Monte seu Kit - Tatame EVA 50x50cm 15mm Cor:Verde BB,1,14.5,14.5
24909901059,TAT-50x50-15-LL,Monte seu Kit - Tatame EVA 50x50cm 15mm Cor:Lilás,2,14.5,29.0
24909901059,TAT-50x50-15-RS,Monte seu Kit - Tatame EVA 50x50cm 15mm Cor:Rosa,1,14.5,14.5
24909901059,TAT-50x50-15-RSBB,Monte seu Kit - Tatame EVA 50x50cm 15mm Cor:Rosa BB,1,14.5,14.5
24909901059,TAT-50x50-15-RSF,Monte seu Kit - Tatame EVA 50x50cm 15mm Cor:Rosa Fluor,1,14.5,14.5
24909901059,TAT-50x50-15-VR,Monte seu Kit - Tatame EVA 50x50cm 15mm Cor:Vermelho,2,14.5,29.0
24909901059,TAT-50x50-15-VRF,Monte seu Kit - Tatame EVA 50x50cm 15mm Cor:Verde Bandeira,1,14.5,14.5
24909901059,TAT-50x50-15-VRG,Monte seu Kit - Tatame EVA 50x50cm 15mm Cor:Verde Grama,2,14.5,29.0
24909901059,TAT-50x50-15-AZBB,Monte seu Kit - Tatame EVA 50x50cm 15mm Cor:Azul BB,2,14.5,29.0
24909901059,TAT-50x50-15-AZCI,Monte seu Kit - Tatame EVA 50x50cm 15mm Cor:Azul Ciano,1,14.5,14.5
24909873083,TAT-50x50-10-VBB,Monte seu Kit - Tatame EVA 50x50cm 10mm Cor:Verde BB,3,10.8,32.4
24909873083,TAT-50x50-10-AM,Monte seu Kit - Tatame EVA 50x50cm 10mm Cor:Amarelo,3,10.8,32.4
24909873083,TAT-50x50-10-LR,Monte seu Kit - Tatame EVA 50x50cm 10mm Cor:Laranja,3,10.8,32.4
24909771555,TAT-100x100-20-VR,Monte seu Kit - Tatame EVA 100x100cm 20mm Cor:Vermelho,2,73.5,147.0
24909771555,TAT-100x100-20-AZR,Monte seu Kit - Tatame EVA 100x100cm 20mm Cor:Azul,2,73.5,147.0
24909771555,TAT-100x100-20-LJ,Monte seu Kit - Tatame EVA 100x100cm 20mm Cor:Laranja,2,73.5,147.0
24909771555,TAT-100x100-20-VDES,Monte seu Kit - Tatame EVA 100x100cm 20mm Cor:Verde Bandeira,2,73.5,147.0
24909771555,TAT-100x100-20-RS,Monte seu Kit - Tatame EVA 100x100cm 20mm Cor:Rosa,2,73.5,147.0
24909771555,TAT-100x100-20-AM,Monte seu Kit - Tatame EVA 100x100cm 20mm Cor:Amarelo,2,73.5,147.0
24907362470,TAT-50x50-10-RBB,Monte seu Kit - Tatame EVA 50x50cm 10mm Cor:Rosa BB,2,12,24
24907362470,TAT-50x50-10-BRF,Monte seu Kit - Tatame EVA 50x50cm 10mm Cor:Rosa Flúor,1,12,12
24904998375,TAT5050-10MM-K9,Kit 9 peças - Tatame EVA 50x50cm 10mm,1,97.2,97.2
24904985655,NB-TAT-50x50-20-BRN,NB - Tatame 50x50x20mm Cor:Branco,2,22,44
24891454244,EVA-AMAR-060170-05,Esteira Amarelinha em EVA 170x60cm – 5mm (com Alça para Transporte),1,59,59
24882830510,YOGA-170x60-5MM-AZ,Tapete de Yoga EVA 170x60cm – 5mm (com Alça para Transporte) Cor:Azul,1,49,49
24882114857,NB-TAT-50x50-20-AZM,NB - Tatame 50x50x20mm Cor:Azul Marinho,5,20.3,101.5
24882114857,MAX50X50X20-AZM,EVA MAX - Tatame EVA 50x50cm 20mm Cor:Azul Marinho,10,20.3,203.0
24882083177,NB-TAT-50x50-20-BRN,NB - Tatame 50x50x20mm Cor:Branco,9,20.8,187.2
24882083177,TAT-50x50-10-BR,Monte seu Kit - Tatame EVA 50x50cm 10mm Cor:Branco,3,12,36
24882071236,TAT5050-10MM-K9,Kit 9 peças - Tatame EVA 50x50cm 10mm,1,97.2,97.2
24881888610,NB-TAT-50x50-20-AZM,NB - Tatame 50x50x20mm Cor:Azul Marinho,5,20.3,101.5
24881888610,MAX50X50X20-AZM,EVA MAX - Tatame EVA 50x50cm 20mm Cor:Azul Marinho,10,20.3,203.0
24872552400,MAX50X50X20-AZBB,EVA MAX - Tatame EVA 50x50cm 20mm Cor:Azul BB,1,18.67,18.67
24872552400,MAX50X50X20-AMBB,EVA MAX - Tatame EVA 50x50cm 20mm Cor:Amarelo BB,1,18.67,18.67
24872552400,MAX50X50X20-LLBB,EVA MAX - Tatame EVA 50x50cm 20mm Cor:Lilas BB,1,18.67,18.67
24872552400,MAX50X50X20-VDG,EVA MAX - Tatame EVA 50x50cm 20mm Cor:Verde Grama,1,18.67,18.67
24872552400,MAX50X50X20-PL,EVA MAX - Tatame EVA 50x50cm 20mm Cor:Pele,1,18.67,18.67
24872552400,MAX50X50X20-AZ,EVA MAX - Tatame EVA 50x50cm 20mm Cor:Azul,1,18.67,18.67
24872552400,MAX50X50X20-AZM,EVA MAX - Tatame EVA 50x50cm 20mm Cor:Azul Marinho,1,18.67,18.67
24872552400,MAX50X50X20-LR,EVA MAX - Tatame EVA 50x50cm 20mm Cor:Laranja,1,18.67,18.67
24872552400,MAX50X50X20-LL,EVA MAX - Tatame EVA 50x50cm 20mm Cor:Lilas,1,18.67,18.67
24872552400,MAX50X50X20-VM,EVA MAX - Tatame EVA 50x50cm 20mm Cor:Vermelho,1,18.67,18.67
24872552400,MAX50X50X20-RSBB,EVA MAX - Tatame EVA 50x50cm 20mm Cor:Rosa BB,1,18.67,18.67
24872552400,MAX50X50X20-RS,EVA MAX - Tatame EVA 50x50cm 20mm Cor:Rosa,2,18.67,37.34
24872552400,MAX50X50X20-CZ,EVA MAX - Tatame EVA 50x50cm 20mm Cor:Cinza,1,18.67,18.67
24872552400,MAX50X50X20-BR,EVA MAX - Tatame EVA 50x50cm 20mm Cor:Branco,1,18.67,18.67
24872552400,MAX50X50X20-MR,EVA MAX - Tatame EVA 50x50cm 20mm Cor:Marrom,1,18.67,18.67
24872552400,MAX50X50X20-VB,EVA MAX - Tatame EVA 50x50cm 20mm Cor:Verde Bandeira,1,18.67,18.67
24872552400,MAX50X50X20-VDBB,EVA MAX - Tatame EVA 50x50cm 20mm Cor:Verde BB,1,18.67,18.67
24872552400,MAX50X50X20-AM,EVA MAX - Tatame EVA 50x50cm 20mm Cor:Amarelo,2,18.67,37.34
24872535259,TAT-50x50-10-RBB,Monte seu Kit - Tatame EVA 50x50cm 10mm Cor:Rosa BB,9,10.8,97.2
24872523178,TAT-50x50-10-RBB,Monte seu Kit - Tatame EVA 50x50cm 10mm Cor:Rosa BB,1,12,12
24872523178,CART-NUM-5MM,Cartela EVA  - Números,1,5,5
24872523178,CART-ABCBAST-5MM,Cartela EVA - Alfabeto,1,5,5
24872515051,YOGA-170x60-5MM-AZ,Tapete de Yoga EVA 170x60cm – 5mm (com Alça para Transporte) Cor:Azul,1,49,49
24868436575,TAT-50x50-10-RBB,Monte seu Kit - Tatame EVA 50x50cm 10mm Cor:Rosa BB,2,12,24
24868436575,TAT-50x50-10-BRF,Monte seu Kit - Tatame EVA 50x50cm 10mm Cor:Rosa Flúor,2,12,24
24868436575,TAT-50x50-10-RS,Monte seu Kit - Tatame EVA 50x50cm 10mm Cor:Rosa,2,12,24
24862414438,TAT-50x50-10-LR,Monte seu Kit - Tatame EVA 50x50cm 10mm Cor:Laranja,1,12,12
24862414438,TAT-50x50-10-AM,Monte seu Kit - Tatame EVA 50x50cm 10mm Cor:Amarelo,1,12,12
24862414438,TAT-50x50-10-RS,Monte seu Kit - Tatame EVA 50x50cm 10mm Cor:Rosa,1,12,12
24862414438,TAT-50x50-10-RBB,Monte seu Kit - Tatame EVA 50x50cm 10mm Cor:Rosa BB,1,12,12
24862414438,TAT-50x50-10-BRF,Monte seu Kit - Tatame EVA 50x50cm 10mm Cor:Rosa Flúor,2,12,24
24862414438,TAT-50x50-10-VGM,Monte seu Kit - Tatame EVA 50x50cm 10mm Cor:Verde Grama,1,12,12
24862414438,TAT-50x50-10-CN,Monte seu Kit - Tatame EVA 50x50cm 10mm Cor:Cenoura,1,12,12
24862414438,TAT-50x50-10-AZC,Monte seu Kit - Tatame EVA 50x50cm 10mm Cor:Azul Ciano,1,12,12
24859126032,TAT-50x50-10-VGM,Monte seu Kit - Tatame EVA 50x50cm 10mm Cor:Verde Grama,1,10.3,10.3
24859126032,TAT-50x50-10-BR,Monte seu Kit - Tatame EVA 50x50cm 10mm Cor:Branco,1,10.3,10.3
24859126032,TAT-50x50-10-AZC,Monte seu Kit - Tatame EVA 50x50cm 10mm Cor:Azul Ciano,1,10.3,10.3
24859126032,TAT-50x50-10-RS,Monte seu Kit - Tatame EVA 50x50cm 10mm Cor:Rosa,1,10.3,10.3
24859126032,TAT-50x50-10-RBB,Monte seu Kit - Tatame EVA 50x50cm 10mm Cor:Rosa BB,1,10.3,10.3
24859126032,TAT-50x50-10-BRF,Monte seu Kit - Tatame EVA 50x50cm 10mm Cor:Rosa Flúor,1,10.3,10.3
24859126032,TAT-50x50-10-VBB,Monte seu Kit - Tatame EVA 50x50cm 10mm Cor:Verde BB,1,10.3,10.3
24859126032,TAT-50x50-10-AZBB,Monte seu Kit - Tatame EVA 50x50cm 10mm Cor:Azul BB,1,10.3,10.3
24859126032,TAT-50x50-10-CN,Monte seu Kit - Tatame EVA 50x50cm 10mm Cor:Cenoura,1,10.3,10.3
24859126032,TAT-50x50-10-LR,Monte seu Kit - Tatame EVA 50x50cm 10mm Cor:Laranja,1,10.3,10.3
24859126032,TAT-50x50-10-AMB,Monte seu Kit - Tatame EVA 50x50cm 10mm Cor:Amarelo BB,2,10.3,20.6
24859126032,TAT-50x50-10-LBB,Monte seu Kit - Tatame EVA 50x50cm 10mm Cor:Lilás BB,2,10.3,20.6
24859126032,TAT-50x50-10-LL,Monte seu Kit - Tatame EVA 50x50cm 10mm Cor:Lilás,2,10.3,20.6
24857761144,TAT-50x50-10-RBB,Monte seu Kit - Tatame EVA 50x50cm 10mm Cor:Rosa BB,4,10.5,42.0
24857761144,TAT-50x50-10-BRF,Monte seu Kit - Tatame EVA 50x50cm 10mm Cor:Rosa Flúor,4,10.5,42.0
24857761144,TAT-50x50-10-RS,Monte seu Kit - Tatame EVA 50x50cm 10mm Cor:Rosa,4,10.5,42.0
24857731126,FLUT-100x100-30MM-LL,"Tapete Flutuante EVA 100x100cm – 30mm | Piscina, Lazer e Atividades Aquáticas Cor:Lilás",1,139.9,139.9
24857731126,PRN-42x28-30MM-VM,Prancha de Natação EVA 42x28cm – 30mm Cor:Vermelho,1,29.9,29.9
24857731126,EVA-AMAR-060170-05,Esteira Amarelinha em EVA 170x60cm – 5mm (com Alça para Transporte),1,59,59
24854383034,TAT-50x50-15-LLBB,Monte seu Kit - Tatame EVA 50x50cm 15mm Cor:Lilás BB,37,14,518
24854383034,TAT-50x50-15-LL,Monte seu Kit - Tatame EVA 50x50cm 15mm Cor:Lilás,37,14,518
24854383034,TAT-50x50-15-AZCI,Monte seu Kit - Tatame EVA 50x50cm 15mm Cor:Azul Ciano,38,14,532
24850681885,YOGA-170x60-5MM-AZ,Tapete de Yoga EVA 170x60cm – 5mm (com Alça para Transporte) Cor:Azul,1,49,49
24850594939,MAX50X50X15-PR,EVA MAX - Tatame EVA 50x50cm 15mm Cor:Preto,2,14,28
24850594939,MAX50X50X15-MRR,EVA MAX - Tatame EVA 50x50cm 15mm Cor:Marrom,3,14,42
24850594939,MAX50X50X15-CZ,EVA MAX - Tatame EVA 50x50cm 15mm Cor:Cinza,3,14,42
24850594939,MAX50X50X15-BR,EVA MAX - Tatame EVA 50x50cm 15mm Cor:Branco,2,14,28
24850594939,MAX50X50X15-LL,EVA MAX - Tatame EVA 50x50cm 15mm Cor:Lilas,2,14,28
24850594939,MAX50X50X15-VM,EVA MAX - Tatame EVA 50x50cm 15mm Cor:Vermelho,4,14,56
24850594939,MAX50X50X15-LR,EVA MAX - Tatame EVA 50x50cm 15mm Cor:Laranja,3,14,42
24850594939,MAX50X50X15-LLBB,EVA MAX - Tatame EVA 50x50cm 15mm Cor:Lilas BB,2,14,28
24850594939,MAX50X50X15-AMBB,EVA MAX - Tatame EVA 50x50cm 15mm Cor:Amarelo BB,4,14,56
24850594939,MAX50X50X15-PL,EVA MAX - Tatame EVA 50x50cm 15mm Cor:Pele,4,14,56
24850594939,MAX50X50X15-VDB,EVA MAX - Tatame EVA 50x50cm 15mm Cor:Verde Bandeira,2,14,28
24850594939,MAX50X50X15-VG,EVA MAX - Tatame EVA 50x50cm 15mm Cor:Verde Grama,2,14,28
24850594939,MAX50X50X15-VDBB,EVA MAX - Tatame EVA 50x50cm 15mm Cor:Verde BB,3,14,42
24849896351,TAT-50x50-15-VDBB,Monte seu Kit - Tatame EVA 50x50cm 15mm Cor:Verde BB,2,17,34
24846918718,CANT-100X4X4-10AD-AM,Cantoneira EVA Auto-Adesiva 100×4×4cm – Proteção de Quinas e Pilares (10mm) Cor:Amarelo,20,12,240
24842127555,YOGA-170x60-5MM-AZ,Tapete de Yoga EVA 170x60cm – 5mm (com Alça para Transporte) Cor:Azul,1,49,49
24835678635,TAT-100x100-10-RS,Monte seu Kit - Tatame EVA 100x100cm 10mm Cor:Rosa,1,44,44
24835624047,FLUT-200x100-30MM-AZ,"Tapete Flutuante EVA 200x100cm – 30mm | Piscina, Lazer e Atividades Aquáticas Cor:Azul",1,281.2,281.2
24835532985,MAX50X50X15-MRR,EVA MAX - Tatame EVA 50x50cm 15mm Cor:Marrom,1,15.3,15.3
24835532985,MAX50X50X15-RSF,EVA MAX - Tatame EVA 50x50cm 15mm Cor:Rosa Fluor,1,15.3,15.3
24835532985,MAX50X50X15-PL,EVA MAX - Tatame EVA 50x50cm 15mm Cor:Pele,1,15.3,15.3
24835532985,MAX50X50X15-AMBB,EVA MAX - Tatame EVA 50x50cm 15mm Cor:Amarelo BB,1,15.3,15.3
24835532985,MAX50X50X15-VM,EVA MAX - Tatame EVA 50x50cm 15mm Cor:Vermelho,1,15.3,15.3
24835532985,MAX50X50X15-AZBB,EVA MAX - Tatame EVA 50x50cm 15mm Cor:Azul BB,1,15.3,15.3
24835532985,MAX50X50X15-LR,EVA MAX - Tatame EVA 50x50cm 15mm Cor:Laranja,1,15.3,15.3
24835532985,MAX50X50X15-LLBB,EVA MAX - Tatame EVA 50x50cm 15mm Cor:Lilas BB,1,15.3,15.3
24835532985,MAX50X50X15-LL,EVA MAX - Tatame EVA 50x50cm 15mm Cor:Lilas,1,15.3,15.3
24835532985,MAX50X50X15-VDB,EVA MAX - Tatame EVA 50x50cm 15mm Cor:Verde Bandeira,1,15.3,15.3
24835532985,MAX50X50X15-VG,EVA MAX - Tatame EVA 50x50cm 15mm Cor:Verde Grama,1,15.3,15.3
24835532985,MAX50X50X15-VDBB,EVA MAX - Tatame EVA 50x50cm 15mm Cor:Verde BB,1,15.3,15.3
24835185602,MAX50X50X15-BR,EVA MAX - Tatame EVA 50x50cm 15mm Cor:Branco,2,14,28
24835185602,MAX50X50X15-CZ,EVA MAX - Tatame EVA 50x50cm 15mm Cor:Cinza,2,14,28
24835185602,MAX50X50X15-MRR,EVA MAX - Tatame EVA 50x50cm 15mm Cor:Marrom,2,14,28
24835185602,MAX50X50X15-AZBB,EVA MAX - Tatame EVA 50x50cm 15mm Cor:Azul BB,2,14,28
24835185602,MAX50X50X15-LLBB,EVA MAX - Tatame EVA 50x50cm 15mm Cor:Lilas BB,2,14,28
24835185602,MAX50X50X15-RSF,EVA MAX - Tatame EVA 50x50cm 15mm Cor:Rosa Fluor,2,14,28
24835185602,MAX50X50X15-VM,EVA MAX - Tatame EVA 50x50cm 15mm Cor:Vermelho,2,14,28
24835185602,MAX50X50X15-LL,EVA MAX - Tatame EVA 50x50cm 15mm Cor:Lilas,2,14,28
24835185602,MAX50X50X15-AMBB,EVA MAX - Tatame EVA 50x50cm 15mm Cor:Amarelo BB,4,14,56
24835185602,MAX50X50X15-RS,EVA MAX - Tatame EVA 50x50cm 15mm Cor:Rosa,2,14,28
24835185602,MAX50X50X15-LR,EVA MAX - Tatame EVA 50x50cm 15mm Cor:Laranja,2,14,28
24835185602,MAX50X50X15-VG,EVA MAX - Tatame EVA 50x50cm 15mm Cor:Verde Grama,4,14,56
24835185602,MAX50X50X15-VDB,EVA MAX - Tatame EVA 50x50cm 15mm Cor:Verde Bandeira,4,14,56
24835185602,MAX50X50X15-PL,EVA MAX - Tatame EVA 50x50cm 15mm Cor:Pele,4,14,56
24835185602,MAX50X50X15-VDBB,EVA MAX - Tatame EVA 50x50cm 15mm Cor:Verde BB,4,14,56
24835128721,CANT-100X4X4-10AD-VM,Cantoneira EVA Auto-Adesiva 100×4×4cm – Proteção de Quinas e Pilares (10mm) Cor:Vermelho,3,12,36
24835003317,TAT5050-10MM-K12,Kit 12 peças - Tatame EVA 50x50cm 10mm,1,122.22,122.22
24834987557,TAT5050-10MM-K12,Kit 12 peças - Tatame EVA 50x50cm 10mm,1,126,126
24834987557,TE-AMA-30X30-8MM-12P,Tapete EVA Amarelinha Infantil 30x30cm – 8mm (12 Peças),1,69,69
24833856198,KH-100x50-20MM-8PC,Kit Home Tatame EVA 100x50cm 20mm - 8 Peças Dupla Face Azul/Vermelho,1,400,400
24825423847,TAT-100x100-10-AZRY,Monte seu Kit - Tatame EVA 100x100cm 10mm Cor:Azul,1,44,44
24824492447,TAT-50x50-10-VBB,Monte seu Kit - Tatame EVA 50x50cm 10mm Cor:Verde BB,6,10.5,63.0
24824492447,TAT-50x50-10-RBB,Monte seu Kit - Tatame EVA 50x50cm 10mm Cor:Rosa BB,6,10.5,63.0
24824430420,TAT-50x50-10-VBB,Monte seu Kit - Tatame EVA 50x50cm 10mm Cor:Verde BB,3,10.5,31.5
24824430420,TAT-50x50-10-AM,Monte seu Kit - Tatame EVA 50x50cm 10mm Cor:Amarelo,3,10.5,31.5
24824430420,TAT-50x50-10-LR,Monte seu Kit - Tatame EVA 50x50cm 10mm Cor:Laranja,3,10.5,31.5
24824430420,TAT-50x50-10-LL,Monte seu Kit - Tatame EVA 50x50cm 10mm Cor:Lilás,3,10.5,31.5
24814708111,TAT5050-10MM-K12,Kit 12 peças - Tatame EVA 50x50cm 10mm,1,126,126
24811280047,EVA-AMAR-060170-05,Esteira Amarelinha em EVA 170x60cm – 5mm (com Alça para Transporte),1,79,79
24809913022,TAT-100x100-10-PT,Monte seu Kit - Tatame EVA 100x100cm 10mm Cor:Preto,1,44,44
24800430240,CART-CORPO-8MM,Cartela EVA  - Esqueleto,1,5,5
24800430240,CART-MULTIPLI-5MM,Cartela EVA - Tabuada de Multiplicação,2,5,10
24800430240,CART-GEOM-5MM,Cartela EVA  - Formas Geométrica,1,5,5
24800132615,NB-TAT-50x50-20-CNZ,NB - Tatame 50x50x20mm Cor:Cinza,4,21,84
24800132615,NB-TAT-50x50-20-RSP,NB - Tatame 50x50x20mm Cor:Rosa Pink,4,21,84
24800129474,TAT5050-10MM-K9,Kit 9 peças - Tatame EVA 50x50cm 10mm,1,97.2,97.2
24800015358,MAX50X50X15-PL,EVA MAX - Tatame EVA 50x50cm 15mm Cor:Pele,1,15.8,15.8
24800015358,MAX50X50X15-AMBB,EVA MAX - Tatame EVA 50x50cm 15mm Cor:Amarelo BB,1,15.8,15.8
24800015358,MAX50X50X15-VM,EVA MAX - Tatame EVA 50x50cm 15mm Cor:Vermelho,1,15.8,15.8
24800015358,MAX50X50X15-LL,EVA MAX - Tatame EVA 50x50cm 15mm Cor:Lilas,1,15.8,15.8
24800015358,MAX50X50X15-AZBB,EVA MAX - Tatame EVA 50x50cm 15mm Cor:Azul BB,1,15.8,15.8
24800015358,MAX50X50X15-LR,EVA MAX - Tatame EVA 50x50cm 15mm Cor:Laranja,1,15.8,15.8
24800015358,MAX50X50X15-RS,EVA MAX - Tatame EVA 50x50cm 15mm Cor:Rosa,1,15.8,15.8
24800015358,MAX50X50X15-VDB,EVA MAX - Tatame EVA 50x50cm 15mm Cor:Verde Bandeira,1,15.8,15.8
24800015358,MAX50X50X15-VDBB,EVA MAX - Tatame EVA 50x50cm 15mm Cor:Verde BB,1,15.8,15.8
24800007344,TAT5050-10MM-K20,Kit 20 peças - Tatame EVA 50x50cm 10mm,1,200,200
24800003678,TAT5050-10MM-K12,Kit 12 peças - Tatame EVA 50x50cm 10mm,1,126,126
24799999229,TAT5050-10MM-K9,Kit 9 peças - Tatame EVA 50x50cm 10mm,1,97.2,97.2
24799124061,NB-TAT-50x50-20-VML,NB - Tatame 50x50x20mm Cor:Verde Militar,10,21,210
24799124061,TE-AMA-30X30-8MM-12P,Tapete EVA Amarelinha Infantil 30x30cm – 8mm (12 Peças),1,69,69
24794127503,TAT5050-10MM-K12,Kit 12 peças - Tatame EVA 50x50cm 10mm,1,126,126
24794112836,NB-TAT-50x50-20-BRG,NB - Tatame 50x50x20mm Cor:Beringela,8,21,168
24794045710,MAX50X50X20-AMBB,EVA MAX - Tatame EVA 50x50cm 20mm Cor:Amarelo BB,2,21,42
24794045710,MAX50X50X20-RS,EVA MAX - Tatame EVA 50x50cm 20mm Cor:Rosa,2,21,42
24794045710,MAX50X50X20-AZBB,EVA MAX - Tatame EVA 50x50cm 20mm Cor:Azul BB,2,21,42
24794045710,MAX50X50X20-VDBB,EVA MAX - Tatame EVA 50x50cm 20mm Cor:Verde BB,2,21,42
24794045710,CART-CORPO-8MM,Cartela EVA  - Esqueleto,1,5,5
24794045710,CART-GEOM-5MM,Cartela EVA  - Formas Geométrica,1,5,5
24794032409,TAT5050-10MM-K9,Kit 9 peças - Tatame EVA 50x50cm 10mm,1,97.2,97.2
24793830781,CART-CORPO-8MM,Cartela EVA  - Esqueleto,2,5,10
24793830781,EVA-DAM-TRI,Cartela EVA  - Damas e Trilhas,2,5,10
24793830781,EVA-TART,Cartela EVA  - Jogo da Tartaruga,1,5,5
24793830781,CART-GEOM-5MM,Cartela EVA  - Formas Geométrica,1,5,5
24793830781,CART-ABCBAST-5MM,Cartela EVA - Alfabeto,1,5,5
24793830781,EVA-JDV,Cartela EVA  - Jogo da Velha,1,5,5
24793830781,EVA-TAB-SOM,Cartela EVA  - Tabuada de Somar,1,5,5
24793830781,EVA-TAB-DIV,Cartela EVA  - Tabuada de Dividir,1,5,5
24793830781,CART-MULTIPLI-5MM,Cartela EVA - Tabuada de Multiplicação,1,5,5
24793830781,CART-MAPA-BR-8MM,Cartela EVA - Mapa do Brasil,2,5,10
24793830781,ARCO-IRIS-30x30-10MM,Arco-Íris Divertido de EVA – Encaixe de Formas e Cores,1,34,34
24793830781,PROT-PORTA-15MM-LEA,Protetor de Porta Infantil EVA – Antiesmagamento de Dedos Modelo: Unicórnio,1,12,12
24793830781,EVA-ALFA-107,EVA Didático Alfanumérico – Letras e Números 107 Peças,1,12,12
24793830781,EVA-ALFA-POTE-138,Pote Didático Alfanumérico EVA – Letras e Números 138 peças,1,32,32
24792816578,ALF-30X30-10,Kit Alfabeto 30x30x10mm - 26 peças,1,139.9,139.9
24792816578,EVA-ANI-30X30-8MM-09P,Tapete EVA Animais Infantil 30x30cm – 8mm (9 Peças),1,49,49
24792816578,PROT-PORTA-15MM-VAC,Protetor de Porta Infantil EVA – Antiesmagamento de Dedos Modelo:Vaquinha,1,14.9,14.9
24790346123,TAT-50x50-10-BRF,Monte seu Kit - Tatame EVA 50x50cm 10mm Cor:Rosa Flúor,1,10.8,10.8
24790346123,TAT-50x50-10-AM,Monte seu Kit - Tatame EVA 50x50cm 10mm Cor:Amarelo,1,10.8,10.8
24790346123,TAT-50x50-10-LR,Monte seu Kit - Tatame EVA 50x50cm 10mm Cor:Laranja,1,10.8,10.8
24790346123,TAT-50x50-10-VGM,Monte seu Kit - Tatame EVA 50x50cm 10mm Cor:Verde Grama,1,10.8,10.8
24790346123,TAT-50x50-10-LBB,Monte seu Kit - Tatame EVA 50x50cm 10mm Cor:Lilás BB,1,10.8,10.8
24790346123,TAT-50x50-10-AZ,Monte seu Kit - Tatame EVA 50x50cm 10mm Cor:Azul,1,10.8,10.8
24790346123,TAT-50x50-10-AZC,Monte seu Kit - Tatame EVA 50x50cm 10mm Cor:Azul Ciano,1,10.8,10.8
24790346123,TAT-50x50-10-AZBB,Monte seu Kit - Tatame EVA 50x50cm 10mm Cor:Azul BB,1,10.8,10.8
24790346123,TAT-50x50-10-RBB,Monte seu Kit - Tatame EVA 50x50cm 10mm Cor:Rosa BB,1,10.8,10.8
24785178206,TAT-50x50-10-PT,Monte seu Kit - Tatame EVA 50x50cm 10mm Cor:Preto,2,12,24
24774862629,MAX50X50X15-AM,EVA MAX - Tatame EVA 50x50cm 15mm Cor:Amarelo,3,14,42
24774862629,MAX50X50X15-RS,EVA MAX - Tatame EVA 50x50cm 15mm Cor:Rosa,3,14,42
24774862629,MAX50X50X15-LLBB,EVA MAX - Tatame EVA 50x50cm 15mm Cor:Lilas BB,3,14,42
24774862629,MAX50X50X15-VM,EVA MAX - Tatame EVA 50x50cm 15mm Cor:Vermelho,3,14,42
24774862629,MAX50X50X15-AZBB,EVA MAX - Tatame EVA 50x50cm 15mm Cor:Azul BB,3,14,42
24774862629,MAX50X50X15-LR,EVA MAX - Tatame EVA 50x50cm 15mm Cor:Laranja,3,14,42
24774862629,MAX50X50X15-AMBB,EVA MAX - Tatame EVA 50x50cm 15mm Cor:Amarelo BB,3,14,42
24774862629,MAX50X50X15-VDBB,EVA MAX - Tatame EVA 50x50cm 15mm Cor:Verde BB,3,14,42
24774862629,MAX50X50X15-LL,EVA MAX - Tatame EVA 50x50cm 15mm Cor:Lilas,3,14,42
24773557249,TAT-50x50-10-RS,Monte seu Kit - Tatame EVA 50x50cm 10mm Cor:Rosa,4,11,44
24773557249,TAT-50x50-10-RBB,Monte seu Kit - Tatame EVA 50x50cm 10mm Cor:Rosa BB,4,11,44
24773106396,TAT-50x50-10-LL,Monte seu Kit - Tatame EVA 50x50cm 10mm Cor:Lilás,6,10.5,63.0
24773106396,TAT-50x50-10-RS,Monte seu Kit - Tatame EVA 50x50cm 10mm Cor:Rosa,6,10.5,63.0
24773083198,TAT5050-10MM-K20,Kit 20 peças - Tatame EVA 50x50cm 10mm,1,200,200
24773040522,NB-TAT-50x50-20-VRL,NB - Tatame 50x50x20mm Cor:Vermelho,5,20.8,104.0
24773040522,NB-TAT-50x50-20-VML,NB - Tatame 50x50x20mm Cor:Verde Militar,5,20.8,104.0
24767182206,TAP-ALF-30X30-8MM-26P,Tapete EVA Alfabeto Infantil 30x30cm – 8mm (26 Peças),1,139,139
24765914372,EVA-OBJ-30X30-8MM-9P,Tapete EVA Objeto Infantil 30x30cm – 8mm (9 Peças),1,49,49
24763493096,TAT-50x50-10-AMB,Monte seu Kit - Tatame EVA 50x50cm 10mm Cor:Amarelo BB,3,10.8,32.4
24763493096,TAT-50x50-10-AZBB,Monte seu Kit - Tatame EVA 50x50cm 10mm Cor:Azul BB,3,10.8,32.4
24763493096,TAT-50x50-10-VBB,Monte seu Kit - Tatame EVA 50x50cm 10mm Cor:Verde BB,3,10.8,32.4
24763436131,YOGA-170x60-5MM-PT,Tapete de Yoga EVA 170x60cm – 5mm (com Alça para Transporte) Cor:Preto,2,49,98
24763377119,TAT-100x100-30-AZRY,Monte seu Kit - Tatame EVA 100x100cm 30mm Cor:Azul,3,121,363
24763377119,TAT-100x100-30-PT,Monte seu Kit - Tatame EVA 100x100cm 30mm Cor:Preto,3,121,363
24759546641,TAT-100x100-20-VR,Monte seu Kit - Tatame EVA 100x100cm 20mm Cor:Vermelho,1,83.5,83.5
24759546641,TAT-100x100-20-PT,Monte seu Kit - Tatame EVA 100x100cm 20mm Cor:Preto,1,83.5,83.5
24759546641,TAT-100x100-20-RS,Monte seu Kit - Tatame EVA 100x100cm 20mm Cor:Rosa,1,83.5,83.5
24759546641,TAT-100x100-20-AZR,Monte seu Kit - Tatame EVA 100x100cm 20mm Cor:Azul,1,83.5,83.5
24759546641,TAT-100x100-20-LJ,Monte seu Kit - Tatame EVA 100x100cm 20mm Cor:Laranja,1,83.5,83.5
24759546641,TAT-100x100-20-VDES,Monte seu Kit - Tatame EVA 100x100cm 20mm Cor:Verde Bandeira,1,83.5,83.5
24756613943,GBA505010-K9,Kit de 4 a 20 Peças - Tatame EVA 50x50cm 10mm - 9 peças - Mais vendido,1,97.2,97.2
24753909691,TAT-50x50-10-PT,Monte seu Kit - Tatame EVA 50x50cm 10mm Cor:Preto,3,12,36
24753892740,TAT5050-10MM-K9,Kit 9 peças - Tatame EVA 50x50cm 10mm,1,97.2,97.2
24753858392,TAT5050-10MM-K12,Kit 12 peças - Tatame EVA 50x50cm 10mm,1,126,126
24748793014,TAT-50x50-10-AZ,Monte seu Kit - Tatame EVA 50x50cm 10mm Cor:Azul,9,12,108
24748793014,TAT-50x50-10-CN,Monte seu Kit - Tatame EVA 50x50cm 10mm Cor:Cenoura,9,12,108
24748712484,TAT5050-10MM-K12,Kit 12 peças - Tatame EVA 50x50cm 10mm,1,126,126
24748627193,TAT5050-10MM-K9,Kit 9 peças - Tatame EVA 50x50cm 10mm,1,97.2,97.2
24748603912,TAT5050-10MM-K6,Kit 6 peças - Tatame EVA 50x50cm 10mm,1,69,69
24748577814,TAT5050-10MM-K8,Kit 8 peças - Tatame EVA 50x50cm 10mm,1,88,88
24723454416,TAT5050-10MM-K9,Kit 9 peças - Tatame EVA 50x50cm 10mm,1,97.2,97.2
24719995715,GBA505010-K9-1,Kit de 4 a 20 Peças - Tatame EVA 50x50cm 15mm - 9 peças - Mais vendido,1,142.2,142.2
24718232262,TAT-50x50-15-LLBB,Monte seu Kit - Tatame EVA 50x50cm 15mm Cor:Lilás BB,13,14,182
24718232262,TAT-50x50-15-RSBB,Monte seu Kit - Tatame EVA 50x50cm 15mm Cor:Rosa BB,12,14,168
24699560656,TAT-50x50-20-RSF,Tatame EVA 50x50cm 20mm – Escolha as Cores e a Quantidade Cor:Rosa Fluor,1,21,21
24696816131,TAT5050-10MM-K12,Kit 12 peças Tatame EVA 50x50cm 10mm - Cores Sortidas,1,120,120
24696788101,TAT-50x50-10-AM,Tatame EVA 50x50cm 10mm – Escolha as Cores e a Quantidade Cor:Amarelo,2,11,22
24696788101,TAT-50x50-10-AZ,Tatame EVA 50x50cm 10mm – Escolha as Cores e a Quantidade Cor:Azul,1,11,11
24696788101,TAT-50x50-10-AZC,Tatame EVA 50x50cm 10mm – Escolha as Cores e a Quantidade Cor:Azul Ciano,2,11,22
24696788101,TAT-50x50-10-LR,Tatame EVA 50x50cm 10mm – Escolha as Cores e a Quantidade Cor:Laranja,2,11,22
24696788101,TAT-50x50-10-CN,Tatame EVA 50x50cm 10mm – Escolha as Cores e a Quantidade Cor:Cenoura,1,11,11
24696788101,TAT-50x50-10-LL,Tatame EVA 50x50cm 10mm – Escolha as Cores e a Quantidade Cor:Lilás,1,11,11
24696788101,TAT-50x50-10-LBB,Tatame EVA 50x50cm 10mm – Escolha as Cores e a Quantidade Cor:Lilás BB,1,11,11
24696788101,TAT-50x50-10-RS,Tatame EVA 50x50cm 10mm – Escolha as Cores e a Quantidade Cor:Rosa,1,11,11
24696788101,TAT-50x50-10-RBB,Tatame EVA 50x50cm 10mm – Escolha as Cores e a Quantidade Cor:Rosa BB,1,11,11
24696788101,TAT-50x50-10-VBB,Tatame EVA 50x50cm 10mm – Escolha as Cores e a Quantidade Cor:Verde BB,2,11,22
24696782711,TAT5050-10MM-K12,Kit 12 peças Tatame EVA 50x50cm 10mm - Cores Sortidas,1,120,120
24696770572,TAT-100x100-30-PT,Tatame EVA 100x100cm - 30mm Cor:Preto,1,99.9,99.9
24696758731,TAT-100x100-10-LJ,Tatame EVA 100x100cm - 10mm Cor:Laranja,1,39.9,39.9
24696758731,TAT-100x100-10-VR,Tatame EVA 100x100cm - 10mm Cor:Vermelho,1,39.9,39.9
24696758731,TAT-100x100-10-AM,Tatame EVA 100x100cm - 10mm Cor:Amarelo,1,39.9,39.9
24696758731,TAT-100x100-10-RS,Tatame EVA 100x100cm - 10mm Cor:Rosa,1,39.9,39.9
24696752905,TAT5050-10MM-K12,Kit 12 peças Tatame EVA 50x50cm 10mm - Cores Sortidas,1,120,120
24696748653,TAT-100x100-20-PT,Tatame EVA 100x100cm - 20mm Cor:Preto,4,65,260
24694351110,TAT-50x50-10-RBB,Tatame EVA 50x50cm 10mm – Escolha as Cores e a Quantidade Cor:Rosa BB,2,11,22
24694351110,TAT-50x50-10-VBB,Tatame EVA 50x50cm 10mm – Escolha as Cores e a Quantidade Cor:Verde BB,2,11,22
24694351110,TAT-50x50-10-AMB,Tatame EVA 50x50cm 10mm – Escolha as Cores e a Quantidade Cor:Amarelo BB,2,11,22
24694351110,TAT-50x50-10-LR,Tatame EVA 50x50cm 10mm – Escolha as Cores e a Quantidade Cor:Laranja,2,11,22
24694351110,TAT-50x50-10-LL,Tatame EVA 50x50cm 10mm – Escolha as Cores e a Quantidade Cor:Lilás,2,11,22
24681582931,TAT5050-10MM-K9,Kit 9 peças Tatame EVA 50x50cm 10mm - Cores Sortidas,1,90,90
24681582931,EVA-OBJ-30X30-8MM-9P,Tapete EVA Objeto Infantil 30x30cm – 8mm (9 Peças),1,49,49
24681582931,TE-AMA-30X30-8MM-12P,Tapete EVA Amarelinha Infantil 30x30cm – 8mm (12 Peças),1,69,69
24662883308,TAT5050-10MM-K12,Kit 12 peças Tatame EVA 50x50cm 10mm - Cores Sortidas,1,120,120
24662881441,TAT5050-10MM-K12,Kit 12 peças Tatame EVA 50x50cm 10mm - Cores Sortidas,1,120,120
24662873633,TAT-50x50-15-RSBB,Tatame EVA 50x50cm – 15mm Cor:Rosa BB,6,16.9,101.4
24662873633,TAT-50x50-15-RS,Tatame EVA 50x50cm – 15mm Cor:Rosa,6,16.9,101.4
24662870923,TAT-50x50-10-MR,Tatame EVA 50x50cm – 10mm Cor:Marrom,2,11,22
24662870923,TAT-50x50-10-AZC,Tatame EVA 50x50cm – 10mm Cor:Azul Ciano,2,11,22
24662868844,TAT5050-10MM-K9,Kit 9 peças Tatame EVA 50x50cm 10mm - Cores Sortidas,1,90,90
24662866494,TAT-100x100-10-VDES,Tatame EVA 100x100cm - 10mm Cor:Verde Escuro,2,39.9,79.8
24662859315,NB-TAT-50x50-20-BRG,NB - Tatame 50x50x20mm Cor:Beringela,8,21,168
24662859315,NB-TAT-50x50-20-RSP,NB - Tatame 50x50x20mm Cor:Rosa Pink,8,21,168
24662853813,TAT-100x100-30-PT,Tatame EVA 100x100cm - 30mm Cor:Preto,6,90,540
24662853813,TAT-100x100-30-AZRY,Tatame EVA 100x100cm - 30mm Cor:Azul Royal,6,90,540
24662851267,NB-TAT-100x100-10-RBB,NB - Tatame 100x100x10mm Cor:Rosa BB,9,30,270
24658567976,TAT-50x50-10-AZC,Tatame EVA 50x50cm – 10mm Cor:Azul Ciano,9,11,99
24640076972,TAT-100x100-10-VDES,Tatame EVA 100x100cm - 10mm Cor:Verde Escuro,2,39.9,79.8
24640076972,TAT-100x100-10-AZRY,Tatame EVA 100x100cm - 10mm Cor:Azul Royal,2,39.9,79.8
24640073402,TAT-50x50-20-LLBB,Tatame EVA 50x50cm – 20mm Cor:Lilás BB,3,21,63
24640073402,TAT-50x50-20-AMBB,Tatame EVA 50x50cm – 20mm Cor:Amarelo BB,2,21,42
24640073402,TAT-50x50-20-RSBB,Tatame EVA 50x50cm – 20mm Cor:Rosa BB,2,21,42
24640073402,TAT-50x50-20-AZBB,Tatame EVA 50x50cm – 20mm Cor:Azul BB,2,21,42
24640073402,TAT-50x50-20-VDBB,Tatame EVA 50x50cm – 20mm Cor:Verde BB,3,21,63
24640071513,TAT5050-10MM-K9,Kit 9 peças Tatame EVA 50x50cm - 10mm,1,90,90
24640070979,TAT5050-10MM-K12,Kit 12 peças Tatame EVA 50x50cm - 10mm,1,120,120
24640069995,TAT-100x100-20-RS,Tatame EVA 100x100cm - 20mm Cor:Rosa,1,79.9,79.9
24640069407,TAT5050-10MM-K9,Kit 9 peças Tatame EVA 50x50cm - 10mm,1,90,90
24640067571,TAT-50x50-15-AM,Tatame EVA 50x50cm – 15mm Cor:Amarelo,1,16.9,16.9
24640067571,TAT-50x50-15-PT,Tatame EVA 50x50cm – 15mm Cor:Preto,1,16.9,16.9
24640067571,TAT-50x50-15-VDCL,Tatame EVA 50x50cm – 15mm Cor:Verde Claro,1,16.9,16.9
24640067571,TAT-50x50-15-VR,Tatame EVA 50x50cm – 15mm Cor:Vermelho,1,16.9,16.9
24640067571,TAT-50x50-15-LJ,Tatame EVA 50x50cm – 15mm Cor:Laranja,1,16.9,16.9
24640067571,TAT-50x50-15-VDES,Tatame EVA 50x50cm – 15mm Cor:Verde Escuro,1,16.9,16.9
24640066744,TAT-50x50-20-AZCL,Tatame EVA 50x50cm – 20mm Cor:Azul Claro,9,21,189
24640066744,TAT-50x50-20-VDBB,Tatame EVA 50x50cm – 20mm Cor:Verde BB,9,21,189
24640063154,TAT-50x50-20-AZBB,Tatame EVA 50x50cm – 20mm Cor:Azul BB,1,21,21
24640063154,TAT-50x50-20-AM,Tatame EVA 50x50cm – 20mm Cor:Amarelo,1,21,21
24640063154,TAT-50x50-20-VDBB,Tatame EVA 50x50cm – 20mm Cor:Verde BB,1,21,21
24640063154,TAT-50x50-20-VR,Tatame EVA 50x50cm – 20mm Cor:Vermelho,1,21,21
24640063154,TAT-50x50-20-LJ,Tatame EVA 50x50cm – 20mm Cor:Laranja,1,21,21
24640063154,TAT-50x50-20-AZCL,Tatame EVA 50x50cm – 20mm Cor:Azul Claro,1,21,21
24640063154,TAT-50x50-20-VDES,Tatame EVA 50x50cm – 20mm Cor:Verde Escuro,1,21,21
24640063154,TAT-50x50-20-CZ,Tatame EVA 50x50cm – 20mm Cor:Cinza,1,21,21
24640063154,TAT-50x50-20-MR,Tatame EVA 50x50cm – 20mm Cor:Marron,1,21,21
24640063154,TAT-50x50-20-PL,Tatame EVA 50x50cm – 20mm Cor:Pele,1,21,21
24640063154,TAT-50x50-20-LLBB,Tatame EVA 50x50cm – 20mm Cor:Lilás BB,1,21,21
24640063154,TAT-50x50-20-AMBB,Tatame EVA 50x50cm – 20mm Cor:Amarelo BB,1,21,21
24640062676,TAT5050-10MM-K9,Kit 9 peças Tatame EVA 50x50cm - 10mm,1,90,90
24640062400,TAT5050-10MM-K9,Kit 9 peças Tatame EVA 50x50cm - 10mm,1,90,90
24640062035,TAT5050-10MM-K12,Kit 12 peças Tatame EVA 50x50cm - 10mm,1,120,120
24640061750,TAT-100x100-10-VR,Tatame EVA 100x100cm - 10mm Cor:Vermelho,1,39.9,39.9
24640059641,TAT-50x50-10-LBB,Tatame EVA 50x50cm – 10mm Cor:Lilás BB,1,11,11
24640059641,TAT-50x50-10-BRF,Tatame EVA 50x50cm – 10mm Cor:Rosa Flúor,1,11,11
24640059641,TAT-50x50-10-VM,Tatame EVA 50x50cm – 10mm Cor:Vermelho,1,11,11
24640059641,TAT-50x50-10-CN,Tatame EVA 50x50cm – 10mm Cor:Cenoura,1,11,11
24640056566,TAT5050-10MM-K9,Kit 9 peças Tatame EVA 50x50cm - 10mm,1,90,90
24640052960,TAT-50x50-10-RBB,Tatame EVA 50x50cm – 10mm Cor:Rosa BB,3,11,33
24640052960,TAT-50x50-10-LBB,Tatame EVA 50x50cm – 10mm Cor:Lilás BB,3,11,33
24640052960,TAT-50x50-10-VBB,Tatame EVA 50x50cm – 10mm Cor:Verde BB,3,11,33
24640052960,TAT-50x50-10-AZBB,Tatame EVA 50x50cm – 10mm Cor:Azul BB,3,11,33
24640052960,TAT-50x50-10-AMB,Tatame EVA 50x50cm – 10mm Cor:Amarelo BB,2,11,22
24639803478,TAT-50x50-15-PT,Tatame EVA 50x50cm – 15mm Cor:Preto,10,16.9,169.0
24639803478,TAT-50x50-15-CZ,Tatame EVA 50x50cm – 15mm Cor:Cinza,5,16.9,84.5
24639803478,TAT-50x50-15-MR,Tatame EVA 50x50cm – 15mm Cor:Marron,4,16.9,67.6
24639803478,TAT-50x50-15-VDBB,Tatame EVA 50x50cm – 15mm Cor:Verde BB,4,16.9,67.6
24639803478,TAT-50x50-15-AZBB,Tatame EVA 50x50cm – 15mm Cor:Azul BB,6,16.9,101.4
24639803478,TAT-50x50-15-LLBB,Tatame EVA 50x50cm – 15mm Cor:Lilás BB,4,16.9,67.6
24639803478,TAT-50x50-15-LL,Tatame EVA 50x50cm – 15mm Cor:Lilás,4,16.9,67.6
24639803478,TAT-50x50-15-RSBB,Tatame EVA 50x50cm – 15mm Cor:Rosa BB,5,16.9,84.5
24639803478,TAT-50x50-15-RS,Tatame EVA 50x50cm – 15mm Cor:Rosa,4,16.9,67.6
24639803478,TAT-50x50-15-VDCL,Tatame EVA 50x50cm – 15mm Cor:Verde Claro,6,16.9,101.4
24639803478,TAT-50x50-15-AM,Tatame EVA 50x50cm – 15mm Cor:Amarelo,4,16.9,67.6
24639803478,TAT-50x50-15-VR,Tatame EVA 50x50cm – 15mm Cor:Vermelho,8,16.9,135.2
24639803478,TAT-50x50-15-VDES,Tatame EVA 50x50cm – 15mm Cor:Verde Escuro,4,16.9,67.6
24639803478,TAT-50x50-15-LJ,Tatame EVA 50x50cm – 15mm Cor:Laranja,5,16.9,84.5
24639803478,TAT-50x50-15-AMBB,Tatame EVA 50x50cm – 15mm Cor:Amarelo BB,4,16.9,67.6
24639803478,TAT-50x50-15-PL,Tatame EVA 50x50cm – 15mm Cor:Pele,4,16.9,67.6
24639796798,TAT-50x50-20-LLBB,Tatame EVA 50x50cm – 20mm Cor:Lilás BB,4,21,84
24639796798,TAT-50x50-20-RSBB,Tatame EVA 50x50cm – 20mm Cor:Rosa BB,4,21,84
24639796798,TAT-50x50-20-VDBB,Tatame EVA 50x50cm – 20mm Cor:Verde BB,4,21,84
24639794689,TAT-50x50-10-VM,Tatame EVA 50x50cm – 10mm Cor:Vermelho,2,11,22
24639794689,TAT-50x50-10-BRF,Tatame EVA 50x50cm – 10mm Cor:Rosa Flúor,1,11,11
24639794689,TAT-50x50-10-RS,Tatame EVA 50x50cm – 10mm Cor:Rosa,1,11,11
24639794689,TAT-50x50-10-LBB,Tatame EVA 50x50cm – 10mm Cor:Lilás BB,1,11,11
24639794689,TAT-50x50-10-AM,Tatame EVA 50x50cm – 10mm Cor:Amarelo,1,11,11
24639793055,TAT-50x50-15-VDBB,Tatame EVA 50x50cm – 15mm Cor:Verde BB,3,16.9,50.7
24639793055,TAT-50x50-15-VDCL,Tatame EVA 50x50cm – 15mm Cor:Verde Claro,3,16.9,50.7
24639793055,TAT-50x50-15-CZ,Tatame EVA 50x50cm – 15mm Cor:Cinza,3,16.9,50.7
24639790285,TAT5050-10MM-K12,Kit 12 peças Tatame EVA 50x50cm - 10mm,1,120,120
24635941863,TAT-50x50-10-VM,Tatame EVA 50x50cm – 10mm Cor:Vermelho,16,11,176
24635941863,TAT-50x50-10-LL,Tatame EVA 50x50cm – 10mm Cor:Lilás,16,11,176
24635941863,TAT-50x50-10-VBB,Tatame EVA 50x50cm – 10mm Cor:Verde BB,16,11,176
24635941863,TAT-50x50-10-AZ,Tatame EVA 50x50cm – 10mm Cor:Azul,16,11,176
